"animal_id","sex","birth_type","litter_size","genus","species","mother_father_same","age","month_born"
"0004","M","captive",1,"O","GG",1,5.93972602739726,"Apr"
"0005","M","captive",1,"O","GG",1,15.4657534246575,"Aug"
"0006","F","captive",1,"O","GG",1,13.5890410958904,"Mar"
"0008","F","captive",1,"O","GG",1,5.37808219178082,"Jul"
"0009","M","captive",1,"O","GG",1,10.3808219178082,"Sep"
"0010","M","captive",1,"O","GG",1,13.4630136986301,"May"
"0011","M","captive",1,"O","GG",1,4.62191780821918,"Oct"
"0012","M","captive",1,"O","GG",1,3.59452054794521,"May"
"0013","M","captive",1,"O","GG",1,6.17260273972603,"Dec"
"0015","F","captive",1,"O","GG",1,6.3972602739726,"Jun"
"0016","F","captive",1,"O","GG",1,3.21095890410959,"May"
"0019","F","captive",1,"O","GG",NA,1.69315068493151,"Jul"
"0026","M","captive",1,"O","GG",NA,1.66575342465753,"Jun"
"0203","M","captive",1,"O","GG",1,4.26849315068493,"Jul"
"0277","M","captive",2,"O","GG",1,3.61917808219178,"May"
"0402","M","captive",NA,"O","GG",1,5.19452054794521,"Sep"
"0404","F","captive",NA,"O","GG",1,1.85205479452055,"Sep"
"0411","F","captive",1,"O","GG",1,4.39452054794521,"Mar"
"0412","F","captive",1,"O","GG",1,2.93424657534247,"Apr"
"0416","M","captive",1,"O","GG",1,3.40547945205479,"Jun"
"0418","M","captive",1,"O","GG",1,2.81095890410959,"Jun"
"0421","M","captive",1,"O","GG",NA,1.44109589041096,"Jun"
"0446","F","captive",NA,"O","GG",NA,6.30684931506849,"Dec"
"0448","F","captive",NA,"O","GG",NA,5.8,"Jan"
"0461","F","captive",NA,"O","GG",NA,3.63013698630137,"Aug"
"0478","F","captive",1,"O","GG",1,13.0109589041096,"Jun"
"1056","M","captive",NA,"G","MOH",NA,10.6602739726027,"Feb"
"1057","F","captive",NA,"G","MOH",NA,10.5041095890411,"Mar"
"1068","M","captive",NA,"G","MOH",NA,5.1041095890411,"Jan"
"1070","F","captive",NA,"G","MOH",NA,2.97808219178082,"Oct"
"1072","F","captive",NA,"G","MOH",NA,4.45753424657534,"Oct"
"1073","M","captive",2,"G","MOH",NA,5.04109589041096,"Sep"
"1303","M","captive",2,"H","GG",1,3.05753424657534,"Oct"
"1306","M","captive",1,"H","GG",1,3.45753424657534,"Jun"
"1307","F","captive",1,"H","GG",1,23.3972602739726,"Jun"
"1309","M","captive",NA,"H","GG",NA,10.1780821917808,"Apr"
"1310","M","captive",1,"H","GG",1,9.15890410958904,"May"
"1311","M","captive",1,"H","GG",1,14.7452054794521,"Jun"
"1316","M","captive",1,"H","GG",1,12.5616438356164,"Nov"
"1326","F","captive",1,"H","GG",1,1.11232876712329,"Jun"
"1327","M","captive",1,"H","GG",1,10.2821917808219,"Apr"
"1328","F","captive",1,"H","GG",1,12.013698630137,"Apr"
"1329","F","captive",1,"H","GG",1,6.0958904109589,"May"
"1330","F","captive",1,"H","GG",1,15.6657534246575,"Apr"
"1331","F","captive",1,"H","GG",1,13.7616438356164,"May"
"1336","M","captive",1,"H","GG",1,7.13424657534247,"May"
"1337","F","captive",1,"H","GG",1,11.9835616438356,"Jul"
"1338","F","captive",1,"H","GG",1,10.9945205479452,"May"
"1342","F","captive",1,"H","GG",1,1.46575342465753,"Mar"
"1345","M","captive",1,"H","GG",1,9.9972602739726,"May"
"1347","M","captive",1,"H","GG",1,8.14794520547945,"May"
"1352","F","captive",1,"H","GG",1,18.5123287671233,"Mar"
"1353","F","captive",1,"H","GG",1,7.8,"Apr"
"1354","M","captive",1,"H","GG",1,10.8438356164384,"May"
"1358","F","captive",1,"H","GG",1,16.241095890411,"May"
"1359","M","captive",1,"H","GG",1,12.9260273972603,"Mar"
"1360","F","captive",1,"H","GG",1,12.5479452054795,"Apr"
"1363","F","captive",2,"H","GG",1,2.63561643835616,"May"
"1367","F","captive",1,"H","GG",1,14.2958904109589,"May"
"1369","F","captive",1,"H","GG",1,15.3205479452055,"Sep"
"1370","F","captive",1,"H","GG",1,18.8602739726027,"Oct"
"1371","M","captive",NA,"H","GG",1,11.4767123287671,"Jan"
"1409","M","captive",NA,"O","GG",NA,12.9917808219178,"Apr"
"1413","M","captive",1,"O","GG",1,7.2,"Mar"
"1471","F","captive",NA,"O","GG",NA,18.9068493150685,"Jan"
"1502","F","captive",1,"E","UL",0,7.74794520547945,"May"
"1508","M","captive",1,"E","UL",0,18.041095890411,"Oct"
"1510","F","captive",1,"L","CAT",NA,17.9753424657534,"Jan"
"1512","F","captive",1,"E","RUF",1,20.4082191780822,"Mar"
"1514","F","captive",2,"E","UL",0,11.6438356164384,"Mar"
"1517","M","captive",1,"E","MAC",1,5.59452054794521,"Mar"
"1519","M","captive",2,"E","UL",NA,17.3780821917808,"Apr"
"1521","M","captive",1,"E","FUL",1,7.29041095890411,"Apr"
"1523","M","captive",1,"E","FUL",1,1.22191780821918,"Jun"
"1525","M","captive",1,"E","RUF",1,12.372602739726,"Dec"
"1527","M","captive",2,"E","UL",0,5.8986301369863,"Dec"
"1528","F","captive",1,"E","RUF",1,24.1123287671233,"Jan"
"1536","M","captive",1,"E","UL",NA,1.74246575342466,"Apr"
"1545","F","captive",2,"E","UL",NA,2.12328767123288,"May"
"1550","F","captive",1,"E","UL",NA,9.02191780821918,"Feb"
"1551","F","captive",1,"E","UL",NA,9.35342465753425,"Feb"
"1559","F","captive",1,"E","UL",NA,29.3780821917808,"Mar"
"1562","M","captive",1,"E","UL",NA,11.0246575342466,"Apr"
"1572","F","captive",1,"E","UL",NA,11.441095890411,"Apr"
"1578","F","captive",3,"V","AR",0,12.4082191780822,"May"
"1580","M","captive",1,"E","UL",1,4.27945205479452,"May"
"1581","F","captive",2,"V","VV",1,12.6684931506849,"May"
"1582","F","captive",2,"V","VV",1,11.9315068493151,"May"
"1583","F","captive",1,"E","UL",NA,15.8630136986301,"May"
"1584","M","captive",1,"E","UL",0,11.8767123287671,"Jun"
"1587","M","captive",2,"E","MAC",NA,4.55890410958904,"Jul"
"1589","F","captive",1,"E","RUF",1,1.46027397260274,"Mar"
"1591","F","captive",1,"P","COQ",1,1.88493150684932,"Dec"
"1601","M","captive",4,"C","MED",1,17.7041095890411,"Jul"
"1602","M","captive",4,"C","MED",1,13.7424657534247,"Jul"
"1603","M","captive",4,"C","MED",1,17.2164383561644,"Jul"
"1604","F","captive",4,"C","MED",1,20.5534246575342,"Jul"
"1605","M","captive",2,"C","MED",1,18.8465753424658,"Jul"
"1606","M","captive",2,"C","MED",1,10.7260273972603,"Jul"
"1607","M","captive",3,"C","MED",1,20.2465753424658,"Jul"
"1609","F","captive",3,"C","MED",1,22.6986301369863,"Jul"
"1610","F","captive",2,"C","MED",1,16.827397260274,"Aug"
"1612","M","captive",2,"C","MED",1,20.4931506849315,"Jun"
"1614","M","captive",2,"C","MED",1,13.7369863013699,"Jun"
"1615","F","captive",2,"C","MED",1,17.9945205479452,"Jun"
"1620","M","captive",4,"C","MED",1,1.29041095890411,"Jul"
"1621","M","captive",4,"C","MED",1,11.9780821917808,"Jul"
"1622","F","captive",4,"C","MED",1,11.4328767123288,"Jul"
"1623","F","captive",4,"C","MED",1,17.1671232876712,"Jul"
"1626","M","captive",1,"C","MED",1,17.9150684931507,"Jul"
"1629","F","captive",2,"C","MED",1,19.7397260273973,"Aug"
"1630","M","captive",3,"C","MED",1,8.32602739726027,"Sep"
"1634","M","captive",3,"C","MED",1,15.1150684931507,"Sep"
"1636","M","captive",3,"C","MED",1,29.6219178082192,"Jun"
"1637","M","captive",3,"C","MED",1,9.54794520547945,"Jun"
"1639","M","captive",2,"C","MED",1,3.06301369863014,"Jul"
"1641","M","captive",3,"C","MED",1,21.3452054794521,"Jul"
"1642","M","captive",3,"C","MED",1,13.0191780821918,"Jul"
"1643","F","captive",3,"C","MED",1,9.5013698630137,"Jul"
"1647","M","captive",4,"C","MED",1,16.8,"Jul"
"1648","M","captive",4,"C","MED",1,19.7397260273973,"Jul"
"1653","F","captive",4,"C","MED",1,21.4821917808219,"Jul"
"1654","F","captive",3,"C","MED",NA,13.0958904109589,"Jul"
"1655","F","captive",3,"C","MED",NA,19.7342465753425,"Jul"
"1656","F","captive",3,"C","MED",NA,24.0219178082192,"Jul"
"1657","M","captive",1,"C","MED",1,11.4739726027397,"Jul"
"1661","F","captive",3,"C","MED",1,18.4821917808219,"Jul"
"1662","F","captive",3,"C","MED",1,23.0356164383562,"Jul"
"1663","M","captive",3,"C","MED",NA,15.0438356164384,"Jul"
"1666","M","captive",2,"C","MED",1,20.1698630136986,"Aug"
"1667","M","captive",2,"C","MED",1,12.7369863013699,"Aug"
"1669","F","captive",4,"C","MED",1,9.78904109589041,"Aug"
"1670","F","captive",4,"C","MED",1,20.5506849315069,"Aug"
"1671","F","captive",4,"C","MED",1,13.1342465753425,"Aug"
"1673","F","captive",2,"C","MED",1,6.95616438356164,"Aug"
"1675","F","captive",NA,"C","MED",1,4.09315068493151,"Jul"
"1678","F","captive",NA,"C","MED",1,13.5534246575342,"Aug"
"1679","M","captive",1,"C","MED",1,20.4904109589041,"May"
"1685","M","captive",2,"C","MED",1,8.28219178082192,"Jul"
"1693","M","captive",2,"C","MED",1,18.5972602739726,"Jul"
"1695","M","captive",2,"C","MED",1,2.9945205479452,"Jul"
"1696","M","captive",2,"C","MED",1,15.6547945205479,"Jul"
"1697","M","captive",3,"C","MED",1,7.72054794520548,"Jul"
"1800","F","captive",3,"M","MUR",1,9.77260273972603,"Jun"
"1801","F","captive",3,"M","MUR",NA,5.03561643835616,"Jun"
"1802","F","captive",3,"M","MUR",NA,4.3013698630137,"Jun"
"1803","M","captive",3,"M","MUR",NA,12.0164383561644,"Jun"
"1805","M","captive",4,"M","MUR",1,13.3753424657534,"Jul"
"1806","M","captive",4,"M","MUR",1,5.95342465753425,"Jul"
"1809","F","captive",2,"M","MUR",1,8.29041095890411,"Jul"
"1810","M","captive",3,"M","MUR",1,12.172602739726,"Jul"
"1811","F","captive",3,"M","MUR",1,10.7561643835616,"Jul"
"1812","F","captive",3,"M","MUR",1,10.0109589041096,"Jul"
"1813","F","captive",3,"M","MUR",1,8.7972602739726,"Jul"
"1814","M","captive",3,"M","MUR",1,10.4931506849315,"Jul"
"1815","F","captive",3,"M","MUR",1,6.35616438356164,"Jul"
"1816","F","captive",1,"M","MUR",1,4.76438356164384,"Jul"
"1818","F","captive",2,"M","MUR",1,7.5013698630137,"Aug"
"1819","M","captive",3,"M","MUR",NA,5.04109589041096,"Aug"
"1820","M","captive",3,"M","MUR",NA,5.00821917808219,"Aug"
"1821","M","captive",3,"M","MUR",NA,6.28767123287671,"Aug"
"1822","M","captive",NA,"M","MUR",NA,10.6767123287671,"Dec"
"1823","M","captive",NA,"M","MUR",NA,7.42739726027397,"Sep"
"1824","M","captive",3,"M","MUR",NA,9.26849315068493,"May"
"1825","F","captive",3,"M","MUR",NA,1.1041095890411,"May"
"1826","F","captive",3,"M","MUR",NA,8.36712328767123,"May"
"1828","M","captive",1,"M","MUR",1,5.74246575342466,"Jun"
"1829","M","captive",2,"M","MUR",1,4.17808219178082,"Jun"
"1830","F","captive",2,"M","MUR",1,13.572602739726,"Jun"
"1832","M","captive",3,"M","MUR",1,10.8520547945205,"Jul"
"1833","F","captive",3,"M","MUR",1,8.90958904109589,"Jul"
"1834","M","captive",2,"M","MUR",1,9.43835616438356,"Jul"
"1837","F","captive",3,"M","MUR",1,12.986301369863,"Aug"
"1839","M","captive",3,"M","MUR",1,3.62739726027397,"Sep"
"1840","M","captive",3,"M","MUR",1,3.67397260273973,"Sep"
"1841","F","captive",3,"M","MUR",1,7.95342465753425,"Sep"
"1842","M","captive",NA,"M","MUR",NA,8.43013698630137,"Dec"
"1843","M","captive",NA,"M","MUR",NA,10.1369863013699,"May"
"1844","M","captive",NA,"M","MUR",NA,7.84109589041096,"Dec"
"1845","M","captive",NA,"M","MUR",NA,4.57260273972603,"Dec"
"1849","F","captive",1,"M","MUR",NA,10.5424657534247,"Jun"
"1854","F","captive",1,"M","MUR",1,11.1479452054795,"Jun"
"1856","F","captive",3,"M","MUR",1,10.2575342465753,"Jul"
"1857","F","captive",3,"M","MUR",1,10.2575342465753,"Jul"
"1859","F","captive",2,"M","MUR",1,8.17808219178082,"Jul"
"1860","M","captive",3,"M","MUR",1,15.1753424657534,"Jul"
"1863","M","captive",3,"M","MUR",NA,15.6054794520548,"Sep"
"1864","M","captive",3,"M","MUR",NA,6.58356164383562,"Sep"
"1865","M","captive",3,"M","MUR",NA,3.9013698630137,"Sep"
"1868","F","captive",3,"M","MUR",1,10.6301369863014,"Sep"
"1869","M","captive",3,"M","MUR",1,8.11232876712329,"Sep"
"1870","M","captive",3,"M","MUR",1,2.34520547945205,"Sep"
"1871","F","captive",3,"M","MUR",1,7.92602739726027,"Sep"
"1874","M","captive",3,"M","MUR",1,11.1260273972603,"Sep"
"1875","F","captive",1,"M","MUR",1,8.64383561643836,"Jun"
"1876","M","captive",2,"M","MUR",NA,11.4821917808219,"Jun"
"1877","F","captive",2,"M","MUR",NA,10.7150684931507,"Jun"
"1878","M","captive",2,"M","MUR",NA,8.08767123287671,"Jun"
"1879","F","captive",2,"M","MUR",NA,9.55068493150685,"Jun"
"1880","M","captive",2,"M","MUR",NA,9.42465753424658,"Jun"
"1881","F","captive",2,"M","MUR",NA,8.23287671232877,"Jun"
"1884","F","captive",3,"M","MUR",1,12.5205479452055,"Jul"
"1885","F","captive",3,"M","MUR",1,1.90958904109589,"Jul"
"1886","F","captive",2,"M","MUR",1,4.7013698630137,"Aug"
"1887","F","captive",2,"M","MUR",1,10.5041095890411,"Aug"
"1888","M","captive",4,"M","MUR",1,6.77260273972603,"Aug"
"1889","M","captive",4,"M","MUR",1,8.23013698630137,"Aug"
"1890","M","captive",4,"M","MUR",1,5.79178082191781,"Aug"
"1892","M","captive",1,"M","MUR",NA,6.17808219178082,"Sep"
"1894","M","captive",3,"M","MUR",1,8.14520547945206,"Oct"
"1895","F","captive",3,"M","MUR",1,6.06849315068493,"Oct"
"1897","F","captive",2,"M","MUR",1,6.52328767123288,"Sep"
"1901","F","captive",1,"N","COU",1,17.8054794520548,"Mar"
"1902","F","captive",1,"L","TAR",1,11.0602739726027,"Apr"
"1903","F","captive",1,"N","COU",1,7.78356164383562,"Apr"
"1904","M","captive",1,"L","TAR",1,8.97808219178082,"May"
"1905","M","captive",1,"L","TAR",1,9.87123287671233,"Aug"
"1906","M","captive",2,"L","TAR",1,16.3534246575342,"Aug"
"1908","M","captive",NA,"N","COU",NA,6.64383561643836,"Feb"
"1909","M","captive",1,"L","TAR",1,19.8876712328767,"Jan"
"1911","F","captive",1,"N","COU",1,7.19178082191781,"Mar"
"1912","M","captive",1,"L","TAR",1,15.6438356164384,"Apr"
"1917","F","captive",1,"L","TAR",1,12.3506849315068,"Jul"
"1918","M","captive",1,"L","TAR",1,15.841095890411,"Jul"
"1920","M","captive",1,"N","COU",1,8.26575342465753,"Nov"
"1921","F","captive",1,"L","TAR",1,18.641095890411,"Dec"
"1924","F","captive",NA,"N","COU",NA,18.0547945205479,"Apr"
"1933","M","captive",NA,"N","PYG",NA,11.4821917808219,"Feb"
"1936","F","captive",1,"N","COU",1,14.4520547945205,"Jun"
"1937","M","captive",1,"N","COU",1,19.2630136986301,"Jul"
"1938","F","captive",2,"N","PYG",1,2.72328767123288,"Jan"
"1940","F","captive",1,"N","COU",1,13.558904109589,"Mar"
"1943","F","captive",1,"L","TAR",1,14.413698630137,"Apr"
"1946","F","captive",1,"N","COU",1,18.1835616438356,"Jun"
"1947","F","captive",1,"L","TAR",1,13.4109589041096,"Jun"
"1948","M","captive",1,"L","TAR",1,21.5397260273973,"Jun"
"1950","M","captive",1,"L","TAR",1,4.35068493150685,"Jul"
"1951","M","captive",2,"N","PYG",1,4.36438356164384,"Nov"
"1952","M","captive",2,"N","PYG",1,12.0383561643836,"Nov"
"1953","F","captive",1,"L","TAR",1,3.32602739726027,"Feb"
"1955","M","captive",1,"N","COU",1,20.5150684931507,"Mar"
"1956","M","captive",1,"N","COU",1,3.36986301369863,"Mar"
"1958","F","captive",1,"N","COU",1,19.8301369863014,"Mar"
"1959","M","captive",NA,"N","COU",NA,21.172602739726,"Apr"
"1960","M","captive",NA,"N","COU",NA,22.1753424657534,"Apr"
"1961","F","captive",1,"N","COU",1,7.38904109589041,"Apr"
"1962","M","captive",1,"N","COU",1,10.6794520547945,"Jun"
"1963","M","captive",1,"L","TAR",1,6.02739726027397,"Jul"
"1964","M","captive",1,"L","TAR",1,9.86027397260274,"Aug"
"1970","M","captive",1,"L","TAR",1,8.83835616438356,"Feb"
"1971","M","captive",1,"N","COU",1,13.8739726027397,"Apr"
"1972","F","captive",1,"N","COU",1,10.013698630137,"Apr"
"1973","F","captive",1,"L","TAR",1,10.2739726027397,"May"
"1976","F","captive",1,"N","COU",1,4.36438356164384,"Jul"
"1977","M","captive",1,"L","TAR",1,13.4191780821918,"Aug"
"1978","M","captive",1,"N","COU",1,17.2986301369863,"Aug"
"1981","M","captive",1,"L","TAR",1,18.4027397260274,"Jan"
"1982","F","captive",1,"N","COU",1,9.87945205479452,"Feb"
"1983","M","captive",2,"N","PYG",1,11.5068493150685,"Mar"
"1984","M","captive",2,"N","PYG",1,1.71506849315068,"Mar"
"1986","M","captive",1,"L","TAR",1,1.34794520547945,"Jun"
"1987","F","captive",1,"N","COU",1,15.0109589041096,"Jul"
"1988","M","captive",NA,"N","COU",1,12.6301369863014,"Jul"
"1989","F","captive",1,"L","TAR",1,13.6493150684932,"Feb"
"1992","M","captive",NA,"L","TAR",1,17.8054794520548,"Mar"
"1993","M","captive",1,"N","COU",1,18.6164383561644,"Dec"
"1994","F","captive",1,"L","TAR",1,1.57808219178082,"Mar"
"1995","F","captive",1,"N","COU",1,11.3424657534247,"Mar"
"1997","F","captive",1,"N","COU",1,1.53424657534247,"May"
"1998","F","captive",1,"N","COU",1,20.213698630137,"May"
"1999","F","captive",1,"L","TAR",1,10.0465753424658,"Nov"
"2027","F","captive",1,"G","MOH",1,4.93424657534247,"Oct"
"2028","M","captive",1,"G","MOH",1,5.98630136986301,"Oct"
"2031","F","captive",1,"G","MOH",1,3.51506849315069,"Dec"
"2045","M","captive",1,"G","MOH",1,6.02465753424658,"Jun"
"2061","M","captive",2,"G","MOH",1,4.64109589041096,"Dec"
"2067","M","captive",2,"G","MOH",1,3.05753424657534,"Feb"
"2070","F","captive",2,"G","MOH",1,3.03561643835616,"Feb"
"2086","F","captive",2,"G","MOH",1,12.8849315068493,"Jun"
"2087","M","captive",1,"G","MOH",1,16.6383561643836,"Jun"
"2091","F","captive",1,"G","MOH",1,3.9041095890411,"Aug"
"2300","M","captive",2,"M","ZAZ",1,14.9068493150685,"May"
"2301","F","captive",2,"M","ZAZ",1,15.3178082191781,"May"
"2304","M","captive",NA,"M","ZAZ",1,14.8630136986301,"Mar"
"2305","F","captive",NA,"M","ZAZ",NA,9.91232876712329,"Sep"
"2306","F","captive",NA,"M","ZAZ",1,16.3452054794521,"Apr"
"2307","M","captive",2,"M","ZAZ",1,13.172602739726,"Feb"
"2308","F","captive",2,"M","ZAZ",1,12.3424657534247,"Feb"
"2309","F","captive",2,"M","ZAZ",1,15.0684931506849,"Aug"
"2310","M","captive",2,"M","ZAZ",1,16.5178082191781,"Aug"
"2315","M","captive",NA,"M","ZAZ",NA,12.6438356164384,"Oct"
"2316","M","captive",NA,"M","ZAZ",1,18.0575342465753,"Jun"
"2317","M","captive",NA,"M","ZAZ",1,8.85205479452055,"Aug"
"2318","F","captive",NA,"M","ZAZ",1,12.5780821917808,"Jun"
"2319","M","captive",NA,"M","ZAZ",1,13.8438356164384,"Sep"
"2322","F","captive",NA,"M","ZAZ",1,13.8876712328767,"Apr"
"2323","M","captive",NA,"M","ZAZ",1,12.8767123287671,"Aug"
"2324","F","captive",NA,"M","ZAZ",1,13.613698630137,"Feb"
"2504","F","captive",1,"L","CAT",1,15.9041095890411,"Mar"
"2506","F","captive",1,"E","RUF",1,11.7808219178082,"Mar"
"2511","M","captive",1,"E","UL",1,14.3150684931507,"Apr"
"2512","F","captive",1,"E","UL",NA,19.9890410958904,"Apr"
"2517","M","captive",1,"E","UL",1,28.827397260274,"Apr"
"2518","F","captive",1,"E","UL",NA,19.4493150684931,"Apr"
"2521","M","captive",2,"V","VV",1,24.5972602739726,"May"
"2522","M","captive",2,"V","VV",1,15.5205479452055,"May"
"2523","F","captive",1,"E","MAC",NA,12.813698630137,"May"
"2524","F","captive",2,"V","AR",NA,34.9287671232877,"May"
"2526","M","captive",2,"E","UL",0,2.35068493150685,"Jun"
"2530","M","captive",1,"E","UL",NA,3.02739726027397,"Feb"
"2531","F","captive",1,"E","UL",NA,8.98356164383562,"Feb"
"2534","F","captive",1,"E","RUF",NA,5.73972602739726,"Mar"
"2538","F","captive",1,"E","RUF",NA,6.79178082191781,"Mar"
"2540","F","captive",1,"E","COL",1,19.5205479452055,"Mar"
"2542","F","captive",2,"L","CAT",NA,13.8493150684932,"Mar"
"2544","M","captive",1,"L","CAT",NA,18.2493150684931,"Apr"
"2548","M","captive",2,"E","MAC",1,18.6164383561644,"Apr"
"2549","M","captive",2,"E","MAC",1,13.5068493150685,"Apr"
"2552","M","captive",2,"E","UL",0,27.3232876712329,"Apr"
"2555","M","captive",1,"E","UL",NA,2.19452054794521,"Apr"
"2558","F","captive",2,"E","UL",NA,8.44383561643836,"Apr"
"2559","F","captive",2,"E","UL",NA,3.40547945205479,"Apr"
"2560","F","captive",2,"V","VV",1,32.1917808219178,"May"
"2561","M","captive",2,"V","VV",1,25.7397260273973,"May"
"2563","F","captive",2,"V","AR",NA,9.14794520547945,"May"
"2565","M","captive",1,"E","UL",NA,14.9287671232877,"May"
"2567","F","captive",NA,"E","MON",NA,23.4876712328767,"Apr"
"2568","M","captive",NA,"E","MON",NA,6.7013698630137,"Jul"
"2572","M","captive",NA,"E","MON",NA,10.3534246575342,"Aug"
"2574","F","captive",NA,"E","FUL",NA,35.9972602739726,"Apr"
"2579","F","captive",1,"E","UL",NA,8.21369863013699,"Mar"
"2583","F","captive",1,"L","CAT",1,13.2794520547945,"Mar"
"26518","F","captive",NA,"O","GG",NA,4.02465753424658,"Nov"
"2900","M","captive",1,"N","COU",1,13.2082191780822,"Feb"
"2901","F","captive",1,"N","PYG",1,19.2630136986301,"Mar"
"2902","F","captive",1,"N","COU",1,11.1616438356164,"Mar"
"2905","F","captive",NA,"N","PYG",NA,13.3232876712329,"Feb"
"2907","M","captive",2,"N","PYG",1,14.5260273972603,"Feb"
"2908","M","captive",2,"N","PYG",1,15.5123287671233,"Feb"
"2910","F","captive",NA,"N","COU",1,13.7534246575342,"May"
"2913","F","captive",2,"N","PYG",1,3.37808219178082,"Apr"
"2914","F","captive",1,"L","TAR",1,17.2109589041096,"Oct"
"2915","F","captive",NA,"N","PYG",NA,14.5095890410959,"Jun"
"2921","M","captive",2,"N","PYG",1,10.186301369863,"Mar"
"2924","F","captive",NA,"N","PYG",NA,6.67945205479452,"Dec"
"2925","F","captive",NA,"L","TAR",1,16.9315068493151,"Nov"
"2927","F","captive",1,"N","PYG",1,11.4109589041096,"Oct"
"2928","M","captive",2,"N","PYG",1,9.04931506849315,"Jun"
"2929","F","captive",2,"N","PYG",1,10.7643835616438,"Jun"
"2930","M","captive",NA,"L","TAR",NA,17.6739726027397,"Oct"
"301","M","captive",1,"G","MOH",1,6.88219178082192,"Nov"
"3012","M","captive",1,"G","MOH",1,2.82191780821918,"Jan"
"303","F","captive",1,"G","MOH",1,3.36438356164384,"May"
"3075","F","captive",2,"G","MOH",1,3.16438356164384,"May"
"3084","M","captive",1,"G","MOH",1,8.30958904109589,"Jul"
"3090","M","captive",2,"G","MOH",1,7.04383561643836,"Dec"
"3104","M","captive",2,"G","MOH",NA,3.63835616438356,"May"
"3107","F","captive",2,"G","MOH",1,5.93972602739726,"Jun"
"3108","M","captive",2,"G","MOH",1,9.56164383561644,"Jul"
"3109","M","captive",2,"G","MOH",1,7.33424657534247,"Jul"
"3112","F","captive",2,"G","MOH",1,10.4493150684932,"Aug"
"3113","F","captive",2,"G","MOH",1,10.9123287671233,"Aug"
"3118","M","captive",2,"G","MOH",1,10.6301369863014,"Nov"
"312","M","captive",1,"G","MOH",1,1.09041095890411,"Aug"
"3131","M","captive",2,"G","MOH",1,5.23561643835616,"May"
"3133","F","captive",1,"G","MOH",1,11.2383561643836,"Jul"
"3135","F","captive",1,"G","MOH",1,9.87123287671233,"Jan"
"3140","F","captive",2,"G","MOH",1,1.67671232876712,"Feb"
"3141","F","captive",2,"G","MOH",1,9.64931506849315,"Feb"
"3143","F","captive",2,"G","MOH",1,14.0821917808219,"Feb"
"3145","M","captive",2,"G","MOH",NA,11.4328767123288,"Mar"
"3146","F","captive",2,"G","MOH",1,10.9534246575342,"Apr"
"3147","F","captive",2,"G","MOH",1,11.5013698630137,"Apr"
"3153","M","captive",1,"G","MOH",1,10.6849315068493,"Mar"
"3154","F","captive",2,"G","MOH",1,8.58356164383562,"Jul"
"3155","F","captive",2,"G","MOH",1,7.70684931506849,"Jul"
"3158","F","captive",2,"G","MOH",1,11.4219178082192,"Oct"
"3161","M","captive",1,"G","MOH",1,10.3041095890411,"May"
"3162","M","captive",2,"G","MOH",1,7.68767123287671,"Sep"
"3164","F","captive",2,"G","MOH",1,1.0027397260274,"Oct"
"3170","M","captive",2,"G","MOH",1,6.81095890410959,"May"
"3171","F","captive",2,"G","MOH",1,14.4520547945205,"May"
"3172","M","captive",1,"G","MOH",1,10.441095890411,"May"
"3173","F","captive",2,"G","MOH",1,7.75890410958904,"May"
"3174","M","captive",2,"G","MOH",1,7.03013698630137,"May"
"3177","F","captive",2,"G","MOH",1,7.57534246575342,"Jun"
"3178","M","captive",2,"G","MOH",1,12.8438356164384,"Jun"
"3183","F","captive",NA,"G","MOH",NA,7.70958904109589,"Jun"
"3184","M","captive",NA,"G","MOH",NA,9.47945205479452,"Feb"
"3185","M","captive",2,"G","MOH",1,6.76164383561644,"Aug"
"3186","F","captive",2,"G","MOH",1,7.63561643835616,"Aug"
"3187","M","captive",NA,"G","MOH",NA,7.95616438356164,"Mar"
"3188","M","captive",1,"G","MOH",1,7.47123287671233,"Aug"
"3189","F","captive",NA,"G","MOH",NA,5.85479452054795,"Sep"
"3190","M","captive",NA,"G","MOH",NA,4.9041095890411,"Feb"
"321","F","captive",2,"M","ZAZ",NA,14.7315068493151,"Sep"
"322","F","captive",2,"M","ZAZ",NA,6.76712328767123,"Sep"
"323","F","captive",2,"M","ZAZ",1,14.9808219178082,"Mar"
"325","M","captive",2,"M","ZAZ",1,16.6027397260274,"Oct"
"326","M","captive",2,"M","ZAZ",1,17.5561643835616,"Oct"
"327","F","captive",1,"M","ZAZ",1,8.41917808219178,"Nov"
"328","M","captive",2,"M","ZAZ",1,9.04383561643836,"Jun"
"329","F","captive",2,"M","ZAZ",1,9.0958904109589,"Jun"
"330","M","captive",2,"M","ZAZ",1,9.45753424657534,"Jul"
"331","M","captive",2,"M","ZAZ",1,8.32876712328767,"Jul"
"333","F","captive",2,"M","ZAZ",1,13.0520547945205,"May"
"334","M","captive",2,"M","ZAZ",1,13.8054794520548,"May"
"335","F","captive",2,"M","ZAZ",1,6.91506849315068,"May"
"336","M","captive",1,"M","ZAZ",1,6.57808219178082,"Jun"
"337","F","captive",2,"M","ZAZ",1,15.4547945205479,"Jun"
"338","F","captive",2,"M","ZAZ",1,7.08493150684932,"Jun"
"339","F","captive",1,"M","ZAZ",1,10.9616438356164,"Jun"
"340","M","captive",1,"M","ZAZ",NA,5.02465753424658,"Apr"
"343","F","captive",2,"M","ZAZ",1,14.5479452054795,"Apr"
"344","F","captive",2,"M","ZAZ",1,16.3178082191781,"Apr"
"347","F","captive",2,"M","ZAZ",1,8.44383561643836,"Jul"
"348","F","captive",2,"M","ZAZ",1,15.0767123287671,"Jul"
"350","M","captive",2,"M","ZAZ",1,12.0301369863014,"Aug"
"3504","F","captive",2,"E","MAC",1,16.758904109589,"Mar"
"3508","M","captive",1,"E","RUF",NA,15.3287671232877,"Apr"
"351","F","captive",2,"M","ZAZ",1,15.027397260274,"Aug"
"3511","M","captive",2,"E","ALB",1,8.66849315068493,"Apr"
"3513","M","captive",3,"V","AR",NA,1.98630136986301,"Apr"
"3515","M","captive",2,"L","CAT",1,12.6630136986301,"Apr"
"3516","M","captive",2,"L","CAT",1,4.94246575342466,"Apr"
"3518","M","captive",2,"V","AR",NA,1.29041095890411,"Apr"
"3519","M","captive",2,"V","AR",NA,3.48767123287671,"Apr"
"352","F","captive",2,"M","ZAZ",1,13.0301369863014,"Aug"
"3523","M","captive",2,"V","VV",NA,23.1780821917808,"Apr"
"3524","M","captive",2,"V","VV",NA,6.75342465753425,"Apr"
"3528","M","captive",1,"E","UL",1,1.68767123287671,"May"
"353","M","captive",2,"M","ZAZ",1,7.93698630136986,"Sep"
"3533","M","captive",1,"E","RUF",NA,17.7945205479452,"Aug"
"3535","M","captive",1,"L","CAT",1,12.2876712328767,"Mar"
"354","F","captive",2,"M","ZAZ",1,13.4630136986301,"Sep"
"3544","F","captive",2,"L","CAT",1,26.1780821917808,"Mar"
"3556","M","captive",1,"E","RUF",1,14.3835616438356,"Apr"
"3557","F","captive",2,"V","VV",NA,11.2849315068493,"Apr"
"3558","M","captive",2,"V","VV",NA,10.0191780821918,"Apr"
"3559","F","captive",1,"E","UL",NA,2.2958904109589,"Apr"
"3562","F","captive",1,"E","RUF",NA,21.241095890411,"Apr"
"3563","F","captive",2,"V","VV",1,29.358904109589,"Apr"
"3566","F","captive",1,"E","UL",NA,9.28493150684931,"Apr"
"3567","F","captive",1,"E","UL",1,3.01095890410959,"Apr"
"3569","M","captive",3,"V","RUB",1,18.4739726027397,"Apr"
"3570","F","captive",3,"V","RUB",1,15.758904109589,"Apr"
"3571","M","captive",3,"V","RUB",1,10.4438356164384,"Apr"
"3578","M","captive",1,"E","UL",0,16.0575342465753,"Apr"
"358","M","captive",2,"M","ZAZ",NA,10.3452054794521,"Apr"
"3586","F","captive",3,"V","VV",NA,28.8767123287671,"May"
"3587","F","captive",3,"V","VV",NA,35.758904109589,"May"
"3589","M","captive",2,"E","UL",NA,6.74520547945205,"May"
"359","M","captive",2,"M","ZAZ",1,11.6493150684932,"Apr"
"3592","F","captive",1,"L","CAT",1,14.4301369863014,"May"
"3596","M","captive",NA,"V","VV",NA,1.72054794520548,"Apr"
"3597","M","captive",1,"E","ALB",1,14.1753424657534,"Jul"
"3599","F","captive",NA,"E","RUF",NA,7.09041095890411,"Mar"
"360","M","captive",2,"M","ZAZ",1,15.5945205479452,"Apr"
"3600","M","captive",2,"C","MED",1,8.41643835616438,"Aug"
"3611","M","captive",3,"C","MED",1,16.627397260274,"Jul"
"3612","M","captive",3,"C","MED",1,12.3260273972603,"Jul"
"3613","F","captive",3,"C","MED",1,21.5506849315069,"Jul"
"3614","M","captive",1,"C","MED",1,12.8547945205479,"Jul"
"3619","F","captive",1,"C","MED",1,22.2821917808219,"Aug"
"3620","F","captive",1,"C","MED",1,20.3397260273973,"Jul"
"3621","M","captive",2,"C","MED",1,25.5452054794521,"Jul"
"3622","M","captive",2,"C","MED",1,8.9972602739726,"Jul"
"3624","M","captive",2,"C","MED",1,12.7397260273973,"May"
"3626","M","captive",NA,"C","MED",1,4.68767123287671,"Jul"
"3627","M","captive",NA,"C","MED",1,15.3369863013699,"Jul"
"3629","M","captive",NA,"C","MED",1,11.1369863013699,"May"
"363","F","captive",2,"M","ZAZ",1,11.9095890410959,"May"
"3632","F","captive",2,"C","MED",1,2.52876712328767,"Aug"
"3633","F","captive",2,"C","MED",1,16.7479452054795,"Aug"
"3634","F","captive",2,"C","MED",1,19.5972602739726,"Aug"
"364","F","captive",1,"M","ZAZ",1,10.6602739726027,"Jun"
"3640","F","captive",NA,"C","MED",NA,10.4876712328767,"Jul"
"365","F","captive",2,"M","ZAZ",1,13.7506849315069,"Jun"
"366","M","captive",2,"M","ZAZ",1,3.65205479452055,"Jun"
"367","M","captive",2,"M","ZAZ",1,16.6465753424658,"Jun"
"368","F","captive",2,"M","ZAZ",1,14.1095890410959,"Jun"
"371","M","captive",1,"M","ZAZ",1,2.64931506849315,"Jul"
"373","F","captive",2,"M","ZAZ",1,5.51232876712329,"Sep"
"374","F","captive",2,"M","ZAZ",1,15.2,"Sep"
"376","M","captive",2,"M","ZAZ",1,14.7424657534247,"Sep"
"377","M","captive",2,"M","ZAZ",1,17.3150684931507,"Sep"
"378","M","captive",2,"M","ZAZ",1,14.2465753424658,"Nov"
"379","F","captive",2,"M","ZAZ",1,10.6684931506849,"Nov"
"380","F","captive",1,"M","ZAZ",1,13.1178082191781,"Nov"
"382","M","captive",2,"M","ZAZ",1,9.59178082191781,"Jan"
"383","M","captive",2,"M","ZAZ",1,4.53150684931507,"Jan"
"386","M","captive",2,"M","ZAZ",1,15.2931506849315,"Apr"
"387","M","captive",2,"M","ZAZ",1,12.9095890410959,"Apr"
"391","M","captive",2,"M","ZAZ",1,13.6,"May"
"392","F","captive",2,"M","ZAZ",1,9.20547945205479,"May"
"395","M","captive",1,"M","ZAZ",1,4.3013698630137,"Jun"
"397","F","captive",1,"M","ZAZ",1,16.2849315068493,"Aug"
"4504","M","captive",NA,"E","MON",NA,30.772602739726,"May"
"4506","M","captive",NA,"E","RUF",NA,8.2,"Apr"
"4507","F","captive",NA,"E","RUF",NA,16.7287671232877,"Feb"
"4514","M","captive",NA,"L","CAT",NA,18.9041095890411,"Feb"
"4515","M","captive",NA,"L","CAT",NA,15.1287671232877,"Nov"
"4516","M","captive",NA,"E","COR",NA,23.2,"Oct"
"4518","M","captive",NA,"L","CAT",NA,21.8931506849315,"May"
"4525","F","captive",NA,"E","COR",NA,25.7479452054795,"Jul"
"4526","M","captive",NA,"E","COR",NA,5.71780821917808,"Jul"
"4527","M","captive",1,"E","RUF",1,18.9287671232877,"Feb"
"4534","F","captive",1,"L","CAT",1,13.227397260274,"Mar"
"4535","M","captive",1,"L","CAT",1,18.6520547945205,"Mar"
"4536","M","captive",1,"L","CAT",1,21.3835616438356,"Mar"
"4538","M","captive",NA,"E","FUL",NA,29.7808219178082,"May"
"4539","M","captive",NA,"E","MAC",NA,14.9205479452055,"Dec"
"4540","F","captive",NA,"L","CAT",NA,8.60547945205479,"Sep"
"4545","M","captive",1,"E","COL",1,17.3753424657534,"Apr"
"4546","F","captive",1,"E","RUF",1,12.3643835616438,"Apr"
"4547","F","captive",1,"E","RUF",1,8.10684931506849,"Apr"
"4549","F","captive",2,"V","VV",NA,26.2958904109589,"Apr"
"4553","F","captive",2,"E","UL",0,17.0794520547945,"Apr"
"4560","M","captive",1,"E","UL",1,23.4246575342466,"Apr"
"4561","M","captive",2,"E","MAC",1,3.23287671232877,"Apr"
"4564","M","captive",3,"E","UL",0,4.29041095890411,"Apr"
"4569","M","captive",4,"V","VV",1,21.1041095890411,"Apr"
"4570","M","captive",4,"V","VV",1,11.4054794520548,"Apr"
"4571","M","captive",4,"V","VV",1,8.65753424657534,"Apr"
"4572","F","captive",4,"V","VV",1,4.58356164383562,"Apr"
"4573","M","captive",2,"E","UL",0,8.0054794520548,"Apr"
"4574","M","captive",2,"E","UL",0,5.78082191780822,"Apr"
"4575","F","captive",1,"V","RUB",1,21.5890410958904,"May"
"4579","F","captive",1,"E","UL",1,6.64931506849315,"May"
"4580","M","captive",NA,"E","ALB",NA,10.6301369863014,"Apr"
"4582","F","captive",1,"E","RUF",1,25.7780821917808,"May"
"4584","M","captive",2,"E","COL",1,4.65479452054795,"May"
"4586","F","captive",1,"E","MAC",1,18.0493150684932,"May"
"4592","M","captive",NA,"E","COR",NA,18.441095890411,"May"
"4596","M","captive",NA,"E","RUB",NA,10.1315068493151,"Jun"
"4598","M","captive",NA,"V","VV",NA,28.0438356164384,"Apr"
"4599","M","captive",1,"E","FUL",1,12.5205479452055,"Jun"
"467","F","captive",NA,"O","GG",NA,18.3397260273973,"Jun"
"502","M","captive",1,"E","FUL",1,16.8931506849315,"Feb"
"503","F","captive",1,"E","FUL",1,5.57808219178082,"Mar"
"505","M","captive",NA,"E","FUL",NA,17.7315068493151,"Jan"
"507","F","captive",1,"E","UL",0,18.2712328767123,"Apr"
"511","M","captive",1,"E","RUF",1,7.62739726027397,"Mar"
"512","M","captive",1,"E","RUF",1,20.3945205479452,"Mar"
"513","F","captive",1,"E","RUF",1,5.77808219178082,"Apr"
"514","F","captive",1,"E","RUF",1,21.8876712328767,"Mar"
"518","F","captive",1,"E","FUL",1,18.8931506849315,"Mar"
"519","F","captive",1,"E","RUF",1,19.3452054794521,"Mar"
"532","F","captive",1,"E","RUF",1,25.7424657534247,"Apr"
"534","F","captive",1,"L","CAT",1,19.986301369863,"Jun"
"536","F","captive",1,"L","CAT",1,12.6328767123288,"Jun"
"541","F","captive",1,"E","RUF",1,28.9890410958904,"Mar"
"542","M","captive",1,"E","UL",0,6.58356164383562,"Apr"
"543","M","captive",1,"E","RUF",1,8.36712328767123,"Apr"
"544","F","captive",1,"V","RUB",1,15.041095890411,"Apr"
"545","F","captive",1,"E","FUL",1,1.51780821917808,"Jul"
"549","F","captive",1,"E","UL",0,25.5095890410959,"Apr"
"550","F","captive",1,"E","MAC",1,21.8630136986301,"May"
"5506","M","captive",NA,"V","VV",NA,3.75616438356164,"May"
"5510","F","captive",1,"L","CAT",NA,12.2082191780822,"Mar"
"5512","F","captive",1,"E","UL",0,19.7260273972603,"Mar"
"5514","M","captive",1,"E","MAC",1,7.05479452054795,"Mar"
"5515","F","captive",1,"E","MAC",1,13.9178082191781,"Apr"
"5516","F","captive",1,"E","RUF",1,9.93972602739726,"Apr"
"5523","M","captive",4,"E","ALB",1,9.72054794520548,"Apr"
"5524","F","captive",1,"E","UL",0,2.46849315068493,"Apr"
"5529","M","captive",1,"E","RUF",1,25.3013698630137,"Apr"
"5530","M","captive",1,"E","UL",0,11.0767123287671,"Apr"
"5531","M","captive",2,"E","COR",1,16.8356164383562,"Apr"
"5532","F","captive",2,"E","COR",1,20.3123287671233,"Apr"
"5533","F","captive",1,"E","ALB",1,9.43561643835617,"May"
"5534","M","captive",1,"V","VV",1,31.2794520547945,"May"
"5538","M","captive",2,"V","RUB",1,23.3232876712329,"May"
"5539","F","captive",2,"V","RUB",1,24.8082191780822,"May"
"5540","M","captive",1,"V","VV",1,21.2986301369863,"May"
"5542","F","captive",1,"E","COL",1,1.64931506849315,"May"
"5543","M","captive",2,"V","VV",1,30.7753424657534,"May"
"5544","F","captive",2,"V","VV",1,15.1342465753425,"May"
"5545","M","captive",1,"E","RUF",1,1.3041095890411,"May"
"5547","F","captive",2,"E","ALB",1,34.586301369863,"May"
"5554","F","captive",2,"E","UL",0,4.17808219178082,"Jun"
"5557","M","captive",1,"E","COL",1,18.2712328767123,"Jun"
"5559","F","captive",NA,"E","MAC",NA,15.627397260274,"Mar"
"5560","M","captive",NA,"V","RUB",NA,17.8630136986301,"May"
"5561","F","captive",NA,"E","COR",NA,20.9643835616438,"Jul"
"5567","M","captive",1,"E","RUF",1,26.1534246575342,"Feb"
"5569","M","captive",2,"E","MAC",1,17.2520547945205,"Mar"
"5572","M","captive",1,"E","RUF",1,28.5890410958904,"Mar"
"5577","F","captive",1,"E","RUF",1,3.88219178082192,"Mar"
"5578","F","captive",2,"L","CAT",1,3.62465753424658,"Mar"
"5581","M","captive",NA,"E","MAC",NA,17.8712328767123,"Apr"
"5584","M","captive",1,"E","MAC",NA,8.77808219178082,"Mar"
"5587","F","captive",2,"V","RUB",1,35.1041095890411,"Mar"
"5591","M","captive",2,"E","UL",0,2.36438356164384,"Apr"
"5597","F","captive",1,"E","COL",1,24.6246575342466,"Apr"
"5601","F","captive",1,"V","VV",1,22.8904109589041,"Apr"
"5602","M","captive",1,"E","COR",1,26.2383561643836,"Apr"
"5604","M","captive",2,"V","VV",1,32.0958904109589,"Apr"
"5605","M","captive",2,"E","ALB",1,4.58630136986301,"Apr"
"5607","M","captive",1,"E","ALB",1,10.6575342465753,"Apr"
"561","M","captive",1,"E","COL",1,21.5315068493151,"Apr"
"5615","M","captive",NA,"L","CAT",NA,26.5424657534247,"Apr"
"5620","F","captive",1,"E","UL",0,24.0849315068493,"Apr"
"5622","M","captive",2,"V","VV",1,2.9972602739726,"May"
"5623","M","captive",2,"V","VV",1,12.0438356164384,"May"
"5624","M","captive",3,"V","VV",1,13.3013698630137,"May"
"5625","F","captive",3,"V","VV",1,20.2986301369863,"May"
"5626","F","captive",3,"V","VV",1,16.7506849315069,"May"
"5628","F","captive",2,"V","AR",0,7.74794520547945,"May"
"5629","M","captive",3,"V","RUB",1,22,"May"
"563","M","captive",2,"E","UL",0,22.2739726027397,"Apr"
"5630","F","captive",3,"V","RUB",1,10.9534246575342,"May"
"5631","F","captive",3,"V","RUB",1,1.3972602739726,"May"
"5638","M","captive",2,"E","MAC",1,10.1342465753425,"Jun"
"5640","M","captive",2,"L","CAT",1,21.213698630137,"Jul"
"5641","F","captive",2,"L","CAT",1,4.86575342465753,"Jul"
"5643","M","captive",NA,"L","CAT",NA,15.6904109589041,"Mar"
"5652","F","captive",1,"E","MAC",1,17.7342465753425,"Mar"
"5655","M","captive",2,"L","CAT",1,6.67397260273973,"Mar"
"5656","F","captive",2,"L","CAT",1,6.4027397260274,"Mar"
"5658","F","captive",1,"L","CAT",1,16.5013698630137,"Mar"
"566","M","captive",1,"E","MAC",1,24.6767123287671,"Apr"
"5661","M","captive",1,"E","MAC",1,11.0630136986301,"Mar"
"5662","M","captive",NA,"V","VV",NA,3.88493150684931,"Apr"
"5663","M","captive",1,"E","MAC",1,26.2821917808219,"Mar"
"5667","M","captive",2,"L","CAT",NA,24.2547945205479,"Apr"
"5669","F","captive",2,"L","CAT",NA,13.5260273972603,"Apr"
"5671","M","captive",2,"V","VV",1,18.0027397260274,"Apr"
"5672","F","captive",2,"V","VV",1,19.5917808219178,"Apr"
"5676","M","captive",NA,"L","CAT",1,14.4301369863014,"Mar"
"5677","M","captive",1,"E","RUF",1,2.84931506849315,"Apr"
"5678","F","captive",1,"E","MAC",1,13.441095890411,"Apr"
"5679","F","captive",1,"E","UL",1,1.21917808219178,"Apr"
"5680","M","captive",2,"E","MAC",1,13.8027397260274,"Apr"
"5683","M","captive",2,"E","COR",1,18.3424657534247,"Apr"
"5685","M","captive",1,"V","VV",1,13.6739726027397,"Apr"
"5689","M","captive",3,"V","RUB",1,13.8575342465753,"May"
"5691","F","captive",3,"V","RUB",1,21.4767123287671,"May"
"5692","F","captive",3,"V","VV",1,6.21643835616438,"May"
"5693","F","captive",3,"V","VV",1,2.4027397260274,"May"
"5698","M","captive",3,"V","RUB",1,18.9945205479452,"May"
"5699","F","captive",3,"V","RUB",1,5.75068493150685,"May"
"5706","M","captive",1,"V","VV",1,19.0027397260274,"Jun"
"5707","M","captive",NA,"E","MAC",NA,17.6520547945205,"Apr"
"5708","F","captive",NA,"E","MAC",NA,11.2986301369863,"Mar"
"5709","F","captive",NA,"E","MAC",NA,5.56986301369863,"Sep"
"5712","M","captive",NA,"V","VV",NA,26.1643835616438,"Apr"
"5713","M","captive",NA,"V","VV",NA,12.0821917808219,"Apr"
"572","F","captive",1,"E","ALB",NA,19.4876712328767,"Nov"
"5728","M","captive",NA,"E","RUF",NA,28.4657534246575,"Mar"
"5729","M","captive",2,"E","RUF",1,30.3232876712329,"Mar"
"5730","F","captive",2,"E","RUF",1,3.66301369863014,"Mar"
"5733","M","captive",2,"L","CAT",1,20.1972602739726,"Mar"
"5734","M","captive",2,"E","MAC",1,10.0767123287671,"Mar"
"5735","M","captive",2,"E","MAC",1,11.6383561643836,"Mar"
"5738","M","captive",1,"L","CAT",NA,3.15890410958904,"Mar"
"5741","F","captive",2,"E","MAC",1,2.12602739726027,"Mar"
"5742","F","captive",2,"E","MAC",1,22.2493150684931,"Mar"
"5743","M","captive",2,"E","MAC",1,18.6191780821918,"Mar"
"5744","M","captive",2,"E","MAC",1,13.1479452054795,"Mar"
"5746","F","captive",2,"E","RUF",1,2.1013698630137,"Mar"
"5750","M","captive",1,"L","CAT",1,17.2849315068493,"Mar"
"5752","M","captive",1,"E","MAC",1,5.63287671232877,"Apr"
"5753","M","captive",2,"V","AR",0,7.05753424657534,"Apr"
"5755","F","captive",1,"E","COL",1,14.7479452054795,"Apr"
"5758","M","captive",1,"E","UL",0,24.6657534246575,"Apr"
"576","M","captive",2,"E","UL",NA,4.88493150684932,"Jan"
"5764","F","captive",1,"E","FUL",1,14.641095890411,"Apr"
"5766","M","captive",3,"V","RUB",1,33.158904109589,"Apr"
"5767","F","captive",3,"V","RUB",1,20.8904109589041,"Apr"
"5768","M","captive",2,"V","RUB",1,21.3260273972603,"Apr"
"5769","M","captive",2,"V","RUB",1,16.1178082191781,"Apr"
"577","M","captive",2,"E","UL",0,7.39452054794521,"Feb"
"5773","M","captive",2,"V","VV",1,8.51780821917808,"Apr"
"5776","F","captive",1,"E","COL",1,25.1534246575342,"Apr"
"5779","F","captive",1,"E","UL",0,11.9534246575342,"Apr"
"5784","M","captive",1,"V","RUB",1,22.3123287671233,"Apr"
"5786","F","captive",2,"V","VV",1,28.5972602739726,"Apr"
"5790","M","captive",1,"V","RUB",1,25.7808219178082,"Apr"
"5791","M","captive",2,"V","RUB",1,6.2054794520548,"Apr"
"5792","F","captive",2,"V","RUB",1,29.958904109589,"Apr"
"5794","M","captive",2,"V","VV",1,10.1260273972603,"May"
"5795","M","captive",2,"V","VV",1,22.4164383561644,"May"
"5796","M","captive",NA,"E","RUF",1,4.45479452054794,"Apr"
"5800","M","captive",1,"E","COL",1,20.9972602739726,"May"
"5805","M","captive",2,"E","ALB",1,27.7452054794521,"May"
"5807","M","captive",1,"E","UL",0,18.1972602739726,"May"
"5808","F","captive",2,"V","VV",1,15.0986301369863,"May"
"5809","F","captive",2,"V","VV",1,23.4876712328767,"May"
"5811","M","captive",3,"L","CAT",1,18.0219178082192,"Jun"
"5818","M","captive",NA,"E","UL",0,1.98904109589041,"Jan"
"582","M","captive",2,"L","CAT",NA,20.027397260274,"Mar"
"5821","M","captive",NA,"E","UL",1,18.6794520547945,"May"
"5825","F","captive",NA,"E","RUF",NA,2.70684931506849,"Mar"
"5826","M","captive",1,"E","MON",1,33.6794520547945,"Nov"
"5832","F","captive",NA,"E","RUF",1,29.5123287671233,"Apr"
"584","M","captive",1,"L","CAT",NA,30.1753424657534,"Mar"
"5842","M","captive",1,"E","MAC",1,29.1095890410959,"Mar"
"5847","F","captive",2,"L","CAT",1,26.1534246575342,"Mar"
"5848","M","captive",1,"E","UL",0,17.3780821917808,"Mar"
"5850","M","captive",2,"E","MAC",1,34.4767123287671,"Mar"
"5851","M","captive",2,"E","MAC",1,26.3123287671233,"Mar"
"5855","M","captive",1,"E","FUL",1,1.73424657534247,"Mar"
"5856","F","captive",1,"E","MAC",1,18.0383561643836,"Mar"
"5859","F","captive",2,"E","MAC",1,30.7013698630137,"Mar"
"5860","F","captive",2,"E","MAC",1,23.3041095890411,"Mar"
"5861","M","captive",2,"V","AR",0,3.38082191780822,"Mar"
"5863","F","captive",1,"E","RUF",1,24.241095890411,"Mar"
"5865","F","captive",2,"V","AR",0,5.53972602739726,"Mar"
"5874","F","captive",1,"V","RUB",1,5.30684931506849,"Apr"
"5878","M","captive",1,"L","CAT",1,22.7397260273973,"Apr"
"5879","F","captive",1,"E","MON",1,11.7068493150685,"Apr"
"588","M","captive",1,"E","UL",0,7.92602739726027,"Apr"
"5880","F","captive",3,"V","VV",1,28.7890410958904,"Apr"
"5881","M","captive",3,"V","VV",1,10.0657534246575,"Apr"
"5883","M","captive",2,"V","VV",1,28.1013698630137,"Apr"
"5884","M","captive",2,"V","VV",1,33.8109589041096,"Apr"
"5885","M","captive",NA,"L","CAT",NA,6.37260273972603,"Mar"
"5886","M","captive",NA,"E","RUF",1,24.2630136986301,"Mar"
"5887","M","captive",1,"E","COL",1,16.1616438356164,"Apr"
"5888","F","captive",3,"V","RUB",1,10.5178082191781,"Apr"
"5889","F","captive",3,"V","RUB",1,10.1150684931507,"Apr"
"589","M","captive",1,"E","RUF",1,21.813698630137,"May"
"5894","F","captive",4,"V","VV",1,24.7506849315069,"Apr"
"5895","F","captive",4,"V","VV",1,10.8767123287671,"Apr"
"5897","M","captive",1,"V","RUB",1,27.9287671232877,"Apr"
"5899","M","captive",2,"V","RUB",1,25.9890410958904,"Apr"
"5900","F","captive",2,"V","RUB",1,30.1095890410959,"Apr"
"5911","F","captive",1,"E","UL",1,1.21917808219178,"Apr"
"5913","M","captive",1,"E","UL",0,4.91506849315068,"May"
"5914","M","captive",2,"L","CAT",1,5.61369863013699,"May"
"5915","F","captive",2,"L","CAT",1,9.07123287671233,"May"
"5917","M","captive",2,"V","VV",1,19.7698630136986,"May"
"5918","M","captive",2,"V","VV",1,2.32328767123288,"May"
"5925","M","captive",3,"V","VV",1,32.4164383561644,"May"
"5927","M","captive",3,"V","VV",1,16.8767123287671,"May"
"5928","F","captive",1,"L","CAT",1,4.14794520547945,"May"
"5930","M","captive",3,"V","RUB",1,6.27671232876712,"May"
"5931","F","captive",3,"V","RUB",1,20.441095890411,"May"
"5932","F","captive",3,"V","RUB",1,17.6657534246575,"May"
"5937","F","captive",1,"E","COR",1,27.4219178082192,"May"
"5938","M","captive",2,"L","CAT",1,12.2767123287671,"May"
"5939","M","captive",2,"L","CAT",1,14.1342465753425,"May"
"5941","M","captive",2,"E","MAC",1,25.1534246575342,"Jun"
"5942","F","captive",2,"E","MAC",1,34.3479452054795,"Jun"
"5947","F","captive",NA,"L","CAT",1,9.22465753424657,"Jun"
"5952","F","captive",1,"E","MON",1,26.6904109589041,"Oct"
"5955","M","captive",1,"E","MON",1,21.4493150684931,"Jan"
"5957","M","captive",NA,"E","ALB",NA,21.1068493150685,"May"
"5958","M","captive",NA,"E","ALB",NA,22.7890410958904,"Jun"
"596","F","captive",1,"P","COQ",1,6.26849315068493,"Dec"
"5962","M","captive",1,"L","CAT",1,24.7068493150685,"Mar"
"5965","M","captive",1,"L","CAT",NA,22.6904109589041,"Mar"
"5967","M","captive",1,"E","RUF",1,1.30958904109589,"Mar"
"5969","M","captive",1,"L","CAT",1,32.6109589041096,"Mar"
"597","M","captive",1,"P","COQ",1,30.5890410958904,"Feb"
"5971","M","captive",1,"E","MAC",1,12.7835616438356,"Mar"
"5972","M","captive",1,"E","COL",1,1.66301369863014,"Mar"
"5973","M","captive",2,"E","COL",1,22.5397260273973,"Mar"
"5974","M","captive",2,"E","COL",1,8.39452054794521,"Mar"
"5976","M","captive",NA,"E","RUF",NA,11.6821917808219,"Apr"
"5977","M","captive",2,"L","CAT",1,28.413698630137,"Mar"
"5980","M","captive",1,"V","VV",1,8.64931506849315,"Apr"
"5982","F","captive",2,"E","COL",NA,28.9260273972603,"Apr"
"5983","F","captive",2,"L","CAT",1,7.42191780821918,"Apr"
"5984","F","captive",2,"L","CAT",1,25.4739726027397,"Apr"
"599","F","captive",1,"P","COQ",1,1.68493150684932,"Feb"
"5990","M","captive",3,"V","VV",1,3.15616438356164,"Apr"
"5994","M","captive",3,"V","VV",1,15.1068493150685,"Apr"
"5995","M","captive",3,"V","VV",1,15.5013698630137,"Apr"
"5996","F","captive",3,"V","VV",1,8.45753424657534,"Apr"
"6000","M","captive",1,"V","RUB",1,20.7150684931507,"Apr"
"6001","M","captive",2,"V","RUB",1,27.2794520547945,"Apr"
"6002","M","captive",2,"V","RUB",1,15.1479452054795,"Apr"
"6008","F","captive",3,"V","RUB",1,33.1369863013699,"May"
"6009","F","captive",3,"V","RUB",1,25.5698630136986,"May"
"6010","F","captive",3,"V","RUB",1,27.8602739726027,"May"
"6011","M","captive",3,"V","VV",1,29.2328767123288,"May"
"6013","F","captive",3,"V","VV",1,14.2191780821918,"May"
"6014","M","captive",3,"V","RUB",1,18.4876712328767,"May"
"6015","M","captive",3,"V","RUB",1,10.1369863013699,"May"
"6016","F","captive",3,"V","RUB",1,18.1945205479452,"May"
"6017","F","captive",1,"L","CAT",1,4.66301369863014,"May"
"6020","F","captive",3,"V","VV",1,22.4904109589041,"May"
"6021","M","captive",2,"E","FUL",1,18.772602739726,"May"
"6023","M","captive",1,"E","MAC",1,10.7424657534247,"May"
"6026","M","captive",2,"E","UL",1,2.98356164383562,"Jun"
"6029","M","captive",1,"E","MAC",1,9.42739726027397,"Jun"
"6030","M","captive",1,"E","MON",1,18.4328767123288,"Jun"
"6031","M","captive",1,"E","COR",1,2.6027397260274,"Jun"
"6032","F","captive",1,"L","CAT",NA,3.39178082191781,"Jun"
"6033","M","captive",1,"E","MON",1,26.6657534246575,"Nov"
"6043","M","captive",1,"E","SAN",1,1.12054794520548,"Oct"
"6044","M","captive",1,"E","SAN",1,21.8575342465753,"Nov"
"6049","M","captive",2,"V","VV",1,3.64109589041096,"Mar"
"6052","M","captive",1,"E","COL",1,25.1780821917808,"Mar"
"6054","F","captive",2,"L","CAT",1,1.16712328767123,"Mar"
"6057","M","captive",2,"L","CAT",1,17.6794520547945,"Mar"
"6059","F","captive",1,"E","MAC",1,9.56164383561644,"Mar"
"606","M","captive",2,"C","MED",1,21.4767123287671,"Apr"
"6060","M","captive",1,"E","RUF",NA,4.55616438356164,"Mar"
"6063","F","captive",1,"L","CAT",1,9.21095890410959,"Mar"
"6066","M","captive",4,"V","RUB",1,12.6356164383562,"Mar"
"6067","M","captive",4,"V","RUB",1,16.5972602739726,"Mar"
"6068","F","captive",4,"V","RUB",1,21.9123287671233,"Mar"
"6069","F","captive",4,"V","RUB",1,18.8383561643836,"Mar"
"607","M","captive",2,"C","MED",1,4.63835616438356,"Apr"
"6070","M","captive",2,"E","RUF",1,20.2931506849315,"Mar"
"6073","F","captive",1,"L","CAT",1,21.013698630137,"Apr"
"6075","M","captive",1,"E","UL",0,4.16438356164384,"Apr"
"6077","F","captive",1,"E","MON",1,32.1506849315069,"Apr"
"608","F","captive",2,"C","MED",1,6.26301369863014,"Apr"
"6081","M","captive",1,"E","UL",0,28.972602739726,"Apr"
"6083","M","captive",1,"E","COR",1,11.7369863013699,"Apr"
"6085","M","captive",1,"E","MAC",NA,28.158904109589,"Apr"
"6090","F","captive",2,"V","RUB",1,11.2657534246575,"Apr"
"6091","F","captive",2,"V","RUB",1,14.8821917808219,"Apr"
"6094","F","captive",2,"V","VV",1,14.241095890411,"Apr"
"6098","F","captive",1,"E","SAN",1,23.3917808219178,"Apr"
"6099","M","captive",1,"E","MAC",1,13.0356164383562,"May"
"6100","F","captive",NA,"L","CAT",1,3.17808219178082,"Apr"
"6101","F","captive",1,"E","MAC",1,18.5369863013699,"May"
"6102","F","captive",1,"E","MON",1,29.5890410958904,"May"
"6104","F","captive",1,"L","CAT",NA,16.7205479452055,"May"
"6105","M","captive",2,"L","CAT",1,18.9506849315068,"Jun"
"6112","M","captive",1,"E","UL",0,29.2602739726027,"Jun"
"6117","F","captive",1,"P","COQ",NA,6.91506849315068,"Jul"
"6123","F","captive",NA,"E","FUL",1,29.8328767123288,"Mar"
"6125","M","captive",NA,"L","CAT",NA,10.5123287671233,"Aug"
"6126","M","captive",NA,"L","CAT",NA,20.7917808219178,"Jun"
"6127","M","captive",NA,"L","CAT",NA,5.06301369863014,"Mar"
"613","F","captive",2,"C","MED",1,19.1945205479452,"Jul"
"6131","M","captive",1,"E","MON",1,5.04383561643836,"Nov"
"6134","M","captive",NA,"E","MAC",1,26.5041095890411,"Mar"
"6136","M","captive",NA,"E","MAC",1,22.9808219178082,"Mar"
"6138","M","captive",2,"L","CAT",NA,5.63013698630137,"Mar"
"6139","M","captive",2,"L","CAT",NA,30.1424657534247,"Mar"
"614","F","captive",2,"C","MED",1,6.8986301369863,"Jul"
"6140","F","captive",1,"L","CAT",NA,17.4246575342466,"Mar"
"6142","F","captive",1,"E","COL",1,27.9178082191781,"Mar"
"6143","M","captive",1,"L","CAT",NA,23.586301369863,"Mar"
"6148","F","captive",2,"V","VV",1,12.5890410958904,"Mar"
"615","M","captive",1,"C","MED",1,4.24657534246575,"Sep"
"6150","M","captive",2,"L","CAT",1,3.13150684931507,"Apr"
"6153","F","captive",1,"E","MAC",1,19.0602739726027,"Apr"
"6155","M","captive",1,"E","UL",0,5.01917808219178,"Apr"
"6156","M","captive",1,"E","MON",1,31.0602739726027,"Apr"
"6159","F","captive",2,"L","CAT",1,23.6082191780822,"Apr"
"616","F","captive",3,"C","MED",1,1.81917808219178,"Sep"
"6161","F","captive",3,"V","RUB",1,11.7534246575342,"Apr"
"6162","F","captive",3,"V","RUB",1,10.5671232876712,"Apr"
"6169","M","captive",3,"V","RUB",1,30.9780821917808,"Apr"
"6170","M","captive",3,"V","RUB",1,30.0082191780822,"Apr"
"6171","F","captive",3,"V","RUB",1,25.0958904109589,"Apr"
"6172","M","captive",2,"E","MON",1,14.8109589041096,"Apr"
"6173","F","captive",2,"V","RUB",1,18.8575342465753,"Apr"
"6174","F","captive",2,"V","RUB",1,22.2356164383562,"Apr"
"6176","M","captive",1,"E","RUF",NA,19.4904109589041,"Apr"
"6177","F","captive",1,"E","COR",1,26.5150684931507,"May"
"6179","F","captive",3,"V","VV",1,8.64657534246575,"May"
"618","M","captive",3,"C","MED",1,5.3013698630137,"Sep"
"6180","F","captive",3,"V","VV",1,22.8821917808219,"May"
"6181","F","captive",1,"E","UL",0,20.6027397260274,"May"
"6182","M","captive",2,"E","SAN",1,16.8328767123288,"May"
"6183","M","captive",2,"E","SAN",1,16.8328767123288,"May"
"6184","M","captive",2,"E","UL",0,28.5835616438356,"May"
"6187","M","captive",1,"E","FLA",1,19.8849315068493,"May"
"6189","M","captive",1,"E","COL",1,23.8684931506849,"May"
"619","F","captive",2,"C","MED",NA,5.75890410958904,"Jul"
"6191","M","captive",1,"L","CAT",NA,17.158904109589,"Jun"
"6192","F","captive",1,"E","SAN",1,14.4684931506849,"Jul"
"6195","F","captive",NA,"E","MAC",1,4.58082191780822,"May"
"620","M","captive",2,"C","MED",NA,4.01643835616438,"Jul"
"6200","F","captive",1,"P","COQ",1,3.59452054794521,"Dec"
"6207","M","captive",1,"P","COQ",1,28.2164383561644,"Jan"
"6209","M","captive",1,"L","CAT",NA,8.55616438356164,"Mar"
"621","M","captive",1,"C","MED",NA,19.0602739726027,"Jun"
"6210","F","captive",1,"E","RUF",NA,1.6,"Mar"
"6213","M","captive",1,"L","CAT",NA,4.41917808219178,"Mar"
"6217","F","captive",1,"L","CAT",NA,13.1041095890411,"Mar"
"6218","F","captive",1,"E","MON",1,12.7835616438356,"Apr"
"6219","F","captive",NA,"E","MAC",NA,19.6164383561644,"Apr"
"6221","F","captive",1,"E","SAN",1,22.9780821917808,"Apr"
"6222","F","captive",1,"E","COL",1,18.4986301369863,"Apr"
"6223","F","captive",1,"E","COL",1,11.7780821917808,"Apr"
"6225","M","captive",1,"E","COL",1,27.4958904109589,"Apr"
"6226","M","captive",1,"E","MON",1,30.3424657534247,"Apr"
"6228","F","captive",2,"L","CAT",1,1.13424657534247,"Apr"
"6232","F","captive",1,"E","RUF",NA,3.17534246575342,"Apr"
"6233","F","captive",1,"E","FLA",1,14.013698630137,"Apr"
"6234","M","captive",1,"E","COR",1,1.31506849315068,"Apr"
"6235","F","captive",NA,"E","UL",1,12.8520547945205,"May"
"6237","M","captive",1,"E","MON",1,22.6602739726027,"Apr"
"6238","F","captive",2,"E","MAC",1,5.97808219178082,"Apr"
"624","M","captive",2,"C","MED",NA,15.1671232876712,"Jul"
"6241","M","captive",3,"V","RUB",1,19.8958904109589,"Apr"
"6242","F","captive",3,"V","RUB",1,15.8054794520548,"Apr"
"6243","F","captive",1,"E","COL",1,14.2876712328767,"May"
"6245","M","captive",2,"V","RUB",1,25.2657534246575,"May"
"6246","F","captive",1,"E","MON",1,10.5753424657534,"May"
"6248","M","captive",1,"E","FLA",1,22.8904109589041,"May"
"6249","M","captive",2,"V","VV",1,5.63287671232877,"May"
"625","M","captive",2,"C","MED",NA,21.3945205479452,"Jul"
"6250","F","captive",2,"V","VV",1,1.62465753424658,"May"
"6251","M","captive",1,"E","COR",1,12.7150684931507,"May"
"6252","F","captive",1,"E","SAN",1,15.7671232876712,"May"
"6257","F","captive",1,"E","UL",0,27.4246575342466,"Jul"
"626","M","captive",1,"C","MED",NA,4.83835616438356,"Aug"
"6260","F","captive",1,"L","CAT",NA,3.22739726027397,"Aug"
"6262","F","captive",NA,"D","MAD",NA,1.54520547945205,"May"
"6263","F","captive",NA,"E","MON",NA,27.413698630137,"May"
"6265","M","captive",NA,"V","VV",NA,3.42465753424658,"Apr"
"6271","M","captive",2,"L","CAT",NA,3.52054794520548,"Mar"
"6273","F","captive",1,"P","COQ",1,10.558904109589,"Mar"
"6274","M","captive",2,"E","MAC",NA,24.8,"Mar"
"6275","F","captive",2,"E","MAC",NA,12.8301369863014,"Mar"
"6276","F","captive",2,"L","CAT",NA,26.2520547945205,"Mar"
"6277","F","captive",2,"L","CAT",1,17.7534246575342,"Mar"
"6278","F","captive",2,"E","COL",1,18.5205479452055,"Mar"
"6280","F","captive",1,"L","CAT",NA,27.1972602739726,"Mar"
"6284","M","captive",2,"E","MAC",NA,24.6547945205479,"Mar"
"6285","F","captive",2,"E","MAC",NA,13.4794520547945,"Mar"
"6287","M","captive",1,"E","RUF",1,13.7369863013699,"Mar"
"6288","M","captive",1,"E","FLA",1,18.8438356164384,"Mar"
"6290","M","captive",1,"E","RUB",1,13.5945205479452,"Mar"
"6293","M","captive",1,"V","VV",1,26.2438356164384,"Apr"
"6294","M","captive",2,"E","COL",1,4.81369863013699,"Apr"
"6298","M","captive",1,"E","COR",1,15.6520547945205,"Apr"
"6299","M","captive",1,"E","COR",1,8.74520547945206,"Apr"
"6301","F","captive",2,"L","CAT",NA,3.36712328767123,"Apr"
"6303","F","captive",3,"V","RUB",1,22.8027397260274,"Apr"
"6304","F","captive",3,"V","RUB",1,9.45753424657534,"Apr"
"6305","F","captive",1,"E","COL",NA,25.6191780821918,"Apr"
"6307","F","captive",2,"L","CAT",1,13.8986301369863,"Apr"
"6308","F","captive",2,"L","CAT",1,20.4027397260274,"Apr"
"6309","M","captive",3,"V","RUB",1,17.4191780821918,"Apr"
"6310","M","captive",3,"V","RUB",1,23.9068493150685,"Apr"
"6311","F","captive",3,"V","RUB",1,29.3095890410959,"Apr"
"6313","F","captive",1,"V","RUB",1,24.1205479452055,"Apr"
"6315","M","captive",1,"E","UL",NA,17.3397260273973,"May"
"6321","M","captive",1,"E","MON",1,10.4082191780822,"Jun"
"6322","M","captive",1,"L","CAT",NA,15.2794520547945,"Jun"
"6323","M","captive",1,"E","FLA",1,10.0027397260274,"Jun"
"6327","F","captive",2,"E","COR",1,6.54246575342466,"Jul"
"6328","F","captive",NA,"V","RUB",NA,22.6547945205479,"May"
"633","M","captive",2,"C","MED",NA,6.68219178082192,"Jun"
"6330","F","captive",NA,"V","VV",NA,24.4739726027397,"Apr"
"6331","F","captive",NA,"E","MAC",1,9.02465753424658,"Mar"
"6332","M","captive",NA,"E","UL",1,3.15068493150685,"Mar"
"6336","F","captive",1,"P","COQ",1,2.23561643835616,"Feb"
"6338","F","captive",1,"E","RUB",1,25.5013698630137,"Mar"
"6339","F","captive",1,"E","MAC",1,21.3808219178082,"Mar"
"635","F","captive",3,"C","MED",NA,3.6027397260274,"Jun"
"6351","M","captive",2,"L","CAT",1,6.76164383561644,"Mar"
"6352","F","captive",2,"L","CAT",1,8.77534246575343,"Mar"
"6355","M","captive",2,"L","CAT",NA,21.1643835616438,"Mar"
"6356","F","captive",2,"L","CAT",NA,18.0630136986301,"Mar"
"6357","M","captive",1,"L","CAT",NA,1.38904109589041,"Mar"
"6358","F","captive",1,"E","MAC",1,7.13972602739726,"Mar"
"636","M","captive",3,"C","MED",NA,17.0082191780822,"Jun"
"6360","M","captive",1,"E","FLA",1,6.06575342465753,"Mar"
"6361","F","captive",1,"V","VV",1,1.2986301369863,"Mar"
"6362","F","captive",1,"E","COL",NA,17.5698630136986,"Apr"
"6365","F","captive",1,"L","CAT",NA,11.2602739726027,"Apr"
"6366","F","captive",1,"E","COR",1,23.8931506849315,"Apr"
"6367","M","captive",1,"E","UL",0,9.16164383561644,"Apr"
"6368","M","captive",1,"L","CAT",NA,13.613698630137,"Apr"
"6372","M","captive",3,"V","RUB",1,28.5260273972603,"Apr"
"6375","F","captive",1,"E","COL",NA,13.641095890411,"Apr"
"6376","F","captive",3,"V","RUB",1,9.37534246575343,"Apr"
"6377","F","captive",3,"V","RUB",1,21.6684931506849,"Apr"
"6378","F","captive",3,"V","RUB",1,19.8164383561644,"Apr"
"6379","M","captive",3,"V","RUB",1,14.2739726027397,"Apr"
"6380","F","captive",3,"V","RUB",1,18.3205479452055,"Apr"
"6381","F","captive",3,"V","RUB",1,16.572602739726,"Apr"
"6382","M","captive",1,"E","MON",1,27.8602739726027,"May"
"6386","F","captive",1,"E","SAN",1,22.8027397260274,"May"
"6389","M","captive",2,"E","COL",1,20.0575342465753,"Jun"
"6396","F","captive",NA,"E","MON",NA,29.1643835616438,"May"
"6398","F","captive",1,"P","COQ",1,15.6054794520548,"Jan"
"6399","M","captive",1,"P","COQ",1,1.38630136986301,"Mar"
"6400","M","captive",1,"E","RUF",NA,12.5013698630137,"Mar"
"6403","F","captive",1,"E","RUB",1,17.6767123287671,"Mar"
"6406","M","captive",1,"E","MAC",1,22.8849315068493,"Mar"
"6407","M","captive",1,"E","FLA",1,27.4027397260274,"Mar"
"6409","M","captive",1,"E","FLA",1,20.9506849315068,"Mar"
"6414","F","captive",2,"V","VV",NA,6.91506849315068,"Apr"
"6415","F","captive",2,"V","VV",NA,23.4164383561644,"Apr"
"6419","M","captive",1,"E","COL",1,10.8109589041096,"Apr"
"6423","F","captive",3,"V","RUB",NA,17.9013698630137,"Apr"
"6424","F","captive",3,"V","RUB",NA,17.027397260274,"Apr"
"6425","M","captive",1,"E","MON",1,20.1095890410959,"Apr"
"6428","M","captive",2,"V","RUB",1,22.3808219178082,"Apr"
"6430","M","captive",1,"E","COL",1,9.33972602739726,"Apr"
"6434","M","captive",1,"E","MON",1,21.4986301369863,"May"
"6435","M","captive",1,"L","CAT",NA,24.413698630137,"May"
"6436","M","captive",1,"E","COR",1,6.34520547945205,"May"
"6438","F","captive",1,"E","COR",1,14.4575342465753,"May"
"6439","F","captive",1,"E","FLA",1,18.1506849315068,"May"
"6441","F","captive",1,"E","COR",1,16.9972602739726,"Jun"
"6443","F","captive",1,"E","MON",1,24.8493150684932,"Jun"
"6445","F","captive",2,"E","MON",1,25.4767123287671,"Jun"
"6446","M","captive",2,"V","RUB",1,22.572602739726,"Jun"
"6447","F","captive",2,"V","RUB",1,22.9616438356164,"Jun"
"6450","M","captive",1,"P","COQ",1,20.2575342465753,"Nov"
"6456","F","captive",1,"P","COQ",1,3.26575342465753,"Mar"
"6459","F","captive",1,"E","RUF",NA,22.9287671232877,"Mar"
"6462","M","captive",1,"E","FLA",1,22.3917808219178,"Mar"
"6468","F","captive",1,"E","MON",1,4.47397260273973,"Mar"
"6471","F","captive",1,"E","MON",1,13.0356164383562,"Mar"
"6478","M","captive",2,"E","COR",1,26.5698630136986,"Apr"
"6479","F","captive",2,"E","COR",1,6.8,"Apr"
"6480","M","captive",1,"D","MAD",NA,6.70684931506849,"Apr"
"6483","F","captive",1,"E","FLA",1,18.4219178082192,"Apr"
"6484","F","captive",1,"E","RUB",1,13.2246575342466,"Apr"
"6488","M","captive",1,"E","RUB",1,26.3178082191781,"Apr"
"6490","M","captive",1,"E","MON",1,24.027397260274,"May"
"6492","M","captive",2,"V","RUB",1,2.53424657534247,"May"
"6493","F","captive",2,"V","RUB",1,17.9452054794521,"May"
"6494","F","captive",3,"V","RUB",1,24.7506849315069,"May"
"6495","F","captive",3,"V","RUB",1,26.5123287671233,"May"
"6497","F","captive",4,"V","VV",1,5.68493150684932,"May"
"6498","M","captive",4,"V","VV",1,23.3123287671233,"May"
"6499","M","captive",4,"V","VV",1,5.91506849315068,"May"
"6500","M","captive",4,"V","VV",1,15.7753424657534,"May"
"6501","F","captive",1,"E","MON",1,16.1013698630137,"May"
"6502","F","captive",1,"E","MON",1,10.4794520547945,"May"
"6503","M","captive",1,"E","RUB",1,14.5671232876712,"May"
"6504","M","captive",1,"E","COR",1,25.4767123287671,"May"
"6509","F","captive",1,"E","SAN",1,20.7561643835616,"Jun"
"651","M","captive",3,"C","MED",NA,7.23287671232877,"Sep"
"6510","F","captive",NA,"E","COL",1,15.7479452054795,"Mar"
"6511","F","captive",NA,"E","COL",1,14.7013698630137,"May"
"6513","M","captive",NA,"V","RUB",NA,18.7232876712329,"May"
"6514","M","captive",1,"D","MAD",1,5.29041095890411,"Oct"
"6517","F","captive",1,"P","COQ",1,14.8027397260274,"Feb"
"6519","F","captive",1,"E","MAC",1,19.3205479452055,"Mar"
"652","M","captive",3,"C","MED",1,2.06301369863014,"Jun"
"6521","F","captive",1,"E","FLA",1,14.1643835616438,"Mar"
"6525","F","captive",1,"E","FLA",1,23.5452054794521,"Mar"
"6526","M","captive",1,"E","RUF",NA,24.4219178082192,"Mar"
"653","M","captive",3,"C","MED",1,10.958904109589,"Jun"
"6532","F","captive",1,"L","CAT",NA,8.28219178082192,"Mar"
"654","M","captive",3,"C","MED",1,7.38356164383562,"Jun"
"6546","M","captive",1,"E","SAN",1,14.5287671232877,"May"
"6551","F","captive",1,"E","MON",1,2.32602739726027,"May"
"6552","F","captive",NA,"E","MON",NA,26.6082191780822,"May"
"6559","M","captive",1,"E","RUB",1,16.6438356164384,"Sep"
"656","M","captive",3,"C","MED",1,7.23835616438356,"Jul"
"6560","M","captive",1,"P","COQ",1,1.29041095890411,"Sep"
"6561","F","captive",1,"D","MAD",1,5.2027397260274,"Oct"
"657","F","captive",3,"C","MED",1,11.0849315068493,"Jul"
"6570","M","captive",1,"E","FLA",1,22.7808219178082,"Mar"
"6572","M","captive",2,"L","CAT",NA,14.6082191780822,"Mar"
"6574","M","captive",2,"L","CAT",NA,24.786301369863,"Mar"
"6583","M","captive",1,"P","COQ",1,20.6,"Apr"
"659","M","captive",3,"C","MED",1,23.2712328767123,"Jul"
"6593","M","captive",2,"V","RUB",1,5.89041095890411,"May"
"6598","M","captive",1,"L","CAT",NA,5.43287671232877,"May"
"660","F","captive",3,"C","MED",1,1.23287671232877,"Jul"
"6601","F","captive",2,"E","COR",1,23.7178082191781,"May"
"6603","F","captive",1,"E","RUB",1,21.8082191780822,"Jun"
"6604","M","captive",1,"D","MAD",1,22.4054794520548,"Jun"
"6608","M","captive",1,"P","COQ",1,15.786301369863,"Sep"
"6610","M","captive",1,"P","COQ",1,13.3369863013699,"Dec"
"6614","M","captive",1,"E","FLA",1,2.3972602739726,"Mar"
"6616","M","captive",1,"L","CAT",NA,22.2465753424658,"Mar"
"662","M","captive",2,"C","MED",NA,2.16986301369863,"Aug"
"6621","M","captive",2,"L","CAT",NA,1.03287671232877,"Mar"
"6626","M","captive",1,"E","FLA",1,8.62739726027397,"Apr"
"6627","M","captive",1,"E","FLA",1,17.1753424657534,"Apr"
"6629","F","captive",1,"E","RUB",1,20.2054794520548,"Apr"
"6630","F","captive",1,"E","MON",1,22.4684931506849,"Apr"
"6638","M","captive",1,"E","COR",1,19.9780821917808,"May"
"6639","M","captive",1,"E","COR",1,19.0986301369863,"May"
"6645","F","captive",1,"E","MON",1,19.5178082191781,"May"
"6646","F","captive",NA,"E","MON",1,20.9835616438356,"May"
"6648","F","captive",2,"L","CAT",NA,1.87123287671233,"Jun"
"6655","M","captive",1,"E","FLA",1,19.0383561643836,"Mar"
"6657","F","captive",1,"E","FLA",1,17.7808219178082,"Mar"
"6659","M","captive",1,"L","CAT",NA,7.46301369863014,"Mar"
"666","M","captive",2,"C","MED",1,13.4794520547945,"Jul"
"6665","M","captive",1,"L","CAT",NA,10.641095890411,"Mar"
"667","M","captive",2,"C","MED",1,7.9945205479452,"Jul"
"6673","M","captive",1,"V","VV",NA,2.21369863013699,"Apr"
"668","M","captive",3,"C","MED",1,13.5890410958904,"Jul"
"6680","M","captive",2,"E","COR",1,11.2082191780822,"May"
"6685","F","captive",3,"V","RUB",1,21.4575342465753,"May"
"6686","F","captive",1,"E","MON",1,16.6630136986301,"May"
"6687","F","captive",1,"L","CAT",NA,1.22191780821918,"May"
"6688","M","captive",1,"L","CAT",NA,6.2958904109589,"May"
"6689","M","captive",NA,"E","RUB",1,10.7972602739726,"Jun"
"6690","F","captive",1,"P","COQ",1,12.6219178082192,"Dec"
"6691","F","captive",NA,"E","MON",1,2.04109589041096,"Apr"
"6692","F","captive",1,"P","COQ",1,8.44383561643836,"Dec"
"6694","F","captive",NA,"V","VV",NA,22.2383561643836,"Apr"
"6696","F","captive",1,"P","COQ",1,1.38356164383562,"Feb"
"6699","M","captive",1,"E","FLA",1,16.2027397260274,"Mar"
"6704","F","captive",2,"L","CAT",NA,17.7534246575342,"Apr"
"6705","M","captive",2,"L","CAT",NA,18.7123287671233,"Apr"
"6708","F","captive",1,"L","CAT",NA,13.2328767123288,"Apr"
"671","M","captive",2,"C","MED",NA,14.2575342465753,"Aug"
"6717","M","captive",1,"E","MON",1,19.7890410958904,"Jun"
"6719","F","captive",NA,"V","VV",NA,10.4054794520548,"May"
"6720","M","captive",NA,"V","VV",NA,11.9479452054795,"May"
"6723","F","captive",1,"P","COQ",1,6.4,"Jan"
"6724","M","captive",1,"P","COQ",1,1.43013698630137,"Feb"
"6725","M","captive",1,"D","MAD",1,10.7698630136986,"Feb"
"6727","F","captive",1,"P","COQ",1,19.2602739726027,"Feb"
"6730","M","captive",NA,"E","COR",1,19.8246575342466,"Apr"
"6731","M","captive",NA,"E","MON",1,8.6,"Apr"
"6733","F","captive",NA,"V","VV",NA,9.51232876712329,"May"
"6739","M","captive",NA,"V","VV",NA,25.4493150684931,"Apr"
"674","M","captive",NA,"C","MED",1,17.8876712328767,"Jul"
"6740","F","captive",NA,"V","RUB",1,15.5369863013699,"Jun"
"6743","F","captive",1,"P","COQ",1,19.6821917808219,"Feb"
"6746","F","captive",NA,"E","FLA",1,1.01369863013699,"Apr"
"6747","M","captive",1,"P","COQ",1,15.6328767123288,"Feb"
"6748","F","captive",NA,"E","FLA",1,4.93698630136986,"Mar"
"675","M","captive",NA,"C","MED",1,4.68493150684932,"Jul"
"6752","M","captive",2,"V","RUB",1,18.613698630137,"May"
"6756","M","captive",NA,"P","COQ",1,2.63561643835616,"Dec"
"6757","M","captive",1,"P","COQ",1,11.7068493150685,"Feb"
"6758","F","captive",1,"P","COQ",1,16.9260273972603,"Feb"
"6759","M","captive",1,"P","COQ",1,4.40821917808219,"Feb"
"676","F","captive",NA,"C","MED",1,18.641095890411,"May"
"6761","F","captive",2,"L","CAT",1,18.8246575342466,"Mar"
"6763","F","captive",1,"L","CAT",1,4.52054794520548,"Mar"
"6764","M","captive",2,"L","CAT",1,13.5232876712329,"Mar"
"6765","F","captive",2,"L","CAT",1,6.05479452054795,"Mar"
"6768","M","captive",NA,"E","FLA",1,4.08767123287671,"Sep"
"6769","F","captive",NA,"V","RUB",NA,17.8794520547945,"Jun"
"6774","M","captive",1,"P","COQ",1,10.2630136986301,"Feb"
"6775","F","captive",NA,"E","COR",1,8.34246575342466,"Mar"
"678","F","captive",2,"C","MED",1,11.3945205479452,"Apr"
"6780","M","captive",1,"P","COQ",1,2.26849315068493,"May"
"6785","M","captive",NA,"V","RUB",1,8.2,"Mar"
"6788","M","captive",1,"D","MAD",1,13.2438356164384,"Oct"
"6790","M","captive",1,"P","COQ",1,9.50684931506849,"Dec"
"6793","F","captive",1,"E","FLA",1,3.84657534246575,"Mar"
"6801","M","captive",NA,"E","MON",1,5.44657534246575,"Apr"
"6804","M","captive",1,"P","COQ",1,8.49041095890411,"Jan"
"6806","M","captive",1,"P","COQ",1,2.21643835616438,"Feb"
"6807","M","captive",1,"P","COQ",1,9.74520547945206,"Mar"
"6808","F","captive",1,"L","CAT",1,1.60821917808219,"Mar"
"6812","M","captive",2,"L","CAT",1,4.28767123287671,"Apr"
"6814","F","captive",NA,"V","RUB",1,13.3424657534247,"Apr"
"6819","M","captive",NA,"P","COQ",1,15.1342465753425,"Aug"
"6820","F","captive",1,"D","MAD",1,12.5150684931507,"Sep"
"6822","M","captive",NA,"E","FLA",1,11.5643835616438,"Jun"
"6823","M","captive",1,"P","COQ",1,5.50958904109589,"Jan"
"6825","F","captive",1,"P","COQ",1,3.29315068493151,"Feb"
"6829","F","captive",1,"E","FLA",1,1.21369863013699,"Mar"
"6830","F","captive",2,"L","CAT",1,7.76712328767123,"Mar"
"684","F","captive",3,"C","MED",1,21.8739726027397,"Jul"
"6843","M","captive",1,"P","COQ",1,11.3890410958904,"Jan"
"6845","M","captive",NA,"P","COQ",1,1.55342465753425,"Feb"
"6846","M","captive",NA,"L","CAT",NA,15.4301369863014,"Apr"
"6848","M","captive",NA,"L","CAT",NA,11.5424657534247,"Mar"
"685","F","captive",3,"C","MED",1,16.7698630136986,"Jul"
"6850","F","captive",1,"P","COQ",1,2.69315068493151,"Feb"
"6852","F","captive",NA,"E","COL",1,2.94520547945205,"Jun"
"6862","M","captive",NA,"L","CAT",NA,32.7287671232877,"May"
"6865","F","captive",1,"L","CAT",1,1.98356164383562,"Jun"
"6866","F","captive",1,"D","MAD",1,11.1479452054795,"Sep"
"687","F","captive",4,"C","MED",1,25.1753424657534,"Aug"
"688","F","captive",4,"C","MED",1,10.8876712328767,"Aug"
"6883","M","captive",NA,"P","COQ",1,7.58904109589041,"Jan"
"689","F","captive",4,"C","MED",1,18.5561643835616,"Aug"
"690","M","captive",4,"C","MED",1,18.8602739726027,"Aug"
"6904","M","captive",NA,"P","COQ",1,8.55342465753425,"Feb"
"6915","M","captive",1,"D","MAD",1,7.8054794520548,"Jul"
"6918","F","captive",NA,"V","VV",NA,17.1534246575342,"Apr"
"6920","M","captive",1,"P","COQ",1,6.51506849315069,"Dec"
"6921","M","captive",NA,"P","COQ",1,6.43013698630137,"Jan"
"6933","M","captive",NA,"P","COQ",1,5.65205479452055,"Feb"
"6934","M","captive",NA,"P","COQ",1,2.37808219178082,"Feb"
"6941","M","captive",1,"D","MAD",1,7.56712328767123,"Apr"
"6948","M","captive",NA,"V","RUB",NA,6.50684931506849,"Apr"
"6958","F","captive",NA,"D","MAD",1,6.95068493150685,"Sep"
"6960","M","captive",NA,"P","COQ",1,3.78356164383562,"Dec"
"6961","F","captive",1,"P","COQ",1,7.6027397260274,"Dec"
"6962","M","captive",NA,"P","COQ",1,8.92054794520548,"Dec"
"6964","M","captive",1,"P","COQ",1,7.51506849315069,"Feb"
"6966","M","captive",NA,"P","COQ",1,1.47671232876712,"Jan"
"6982","F","captive",1,"P","COQ",1,1.48493150684931,"Jan"
"6986","F","captive",NA,"P","COQ",1,7.81917808219178,"Jan"
"7001","F","captive",3,"M","MUR",1,9.85479452054794,"Aug"
"7002","M","captive",3,"M","MUR",1,6.26575342465753,"Aug"
"7003","M","captive",3,"M","MUR",1,14.5561643835616,"Aug"
"7006","M","captive",2,"M","MUR",1,12.3424657534247,"Jun"
"7007","M","captive",2,"M","MUR",1,11.2794520547945,"Jun"
"7011","F","captive",4,"M","MUR",1,8.04931506849315,"Jul"
"7012","F","captive",4,"M","MUR",1,6.43287671232877,"Jul"
"7013","F","captive",4,"M","MUR",1,10.3013698630137,"Jul"
"7016","M","captive",NA,"M","MUR",1,13.8109589041096,"Feb"
"7017","M","captive",NA,"M","MUR",NA,11.8739726027397,"Jun"
"7018","F","captive",NA,"M","MUR",NA,7.77534246575342,"Jun"
"7019","M","captive",NA,"M","MUR",NA,11.8958904109589,"Jul"
"7020","F","captive",NA,"M","MUR",NA,10.1753424657534,"Aug"
"7021","M","captive",NA,"M","MUR",NA,11.2438356164384,"Jul"
"7022","F","captive",NA,"M","MUR",NA,9.14520547945206,"Aug"
"7023","F","captive",NA,"M","MUR",NA,9.1041095890411,"Oct"
"7024","M","captive",NA,"M","MUR",NA,10.1890410958904,"Jul"
"7025","M","captive",NA,"M","MUR",NA,10.7698630136986,"Jul"
"7026","F","captive",NA,"M","MUR",NA,10.3397260273973,"Jun"
"7027","M","captive",NA,"M","MUR",NA,9.62465753424657,"May"
"7028","F","captive",NA,"M","MUR",NA,10.2438356164384,"May"
"7031","M","captive",NA,"M","MUR",NA,7.18630136986301,"May"
"7041","M","captive",NA,"D","MAD",1,3.84657534246575,"Nov"
"7065","M","captive",3,"M","MUR",1,1.4958904109589,"Aug"
"7067","F","captive",2,"M","MUR",NA,6.43835616438356,"Aug"
"7079","F","captive",NA,"P","COQ",1,1.43287671232877,"Jan"
"7097","F","captive",3,"M","MUR",1,5.66575342465753,"Jun"
"7108","F","captive",3,"M","MUR",NA,6.4027397260274,"Jul"
"7113","F","captive",2,"M","MUR",1,5.76164383561644,"Jul"
"7126","F","captive",3,"M","MUR",1,4.7041095890411,"Aug"
"7136","M","captive",1,"P","COQ",1,5.94794520547945,"Feb"
"7142","F","captive",2,"L","CAT",1,1.15616438356164,"Mar"
"7144","F","captive",2,"L","CAT",1,1.15342465753425,"Mar"
"7159","F","captive",2,"M","MUR",1,4.03561643835616,"Jun"
"7160","M","captive",2,"M","MUR",1,5.18082191780822,"Jun"
"7236","F","captive",NA,"V","VV",NA,7.32054794520548,"May"
"7245","M","captive",NA,"N","PYG",NA,11.213698630137,"Mar"
"7252","M","captive",2,"V","VV",1,2.32876712328767,"Jun"
"7285","M","captive",NA,"N","PYG",NA,7.6986301369863,"Mar"
"8027","M","captive",1,"O","GG",1,16.7178082191781,"Feb"
"8028","M","captive",1,"O","GG",1,20.0054794520548,"Mar"
"8032","F","captive",1,"O","GG",1,3.05205479452055,"May"
"817","M","captive",3,"M","MUR",1,12.441095890411,"Mar"
"818","M","captive",3,"M","MUR",1,9.15068493150685,"Mar"
"819","M","captive",3,"M","MUR",1,7.73424657534247,"Mar"
"820","F","captive",3,"M","MUR",1,10.2767123287671,"Jul"
"821","M","captive",3,"M","MUR",1,9.79178082191781,"Jul"
"822","M","captive",3,"M","MUR",1,5.14794520547945,"Jul"
"823","F","captive",2,"M","MUR",1,4.76164383561644,"Sep"
"824","M","captive",2,"M","MUR",1,8.78356164383562,"Sep"
"825","F","captive",1,"M","MUR",1,2.79452054794521,"Jun"
"826","M","captive",2,"M","MUR",NA,7.86575342465753,"Jul"
"829","F","captive",3,"M","MUR",NA,12.3534246575342,"May"
"830","M","captive",3,"M","MUR",NA,10.4630136986301,"May"
"831","M","captive",3,"M","MUR",NA,6.61917808219178,"May"
"833","F","captive",1,"M","MUR",NA,1.81369863013699,"Jun"
"837","M","captive",3,"M","MUR",NA,17.9643835616438,"Aug"
"838","M","captive",3,"M","MUR",NA,5.64383561643836,"Aug"
"839","M","captive",3,"M","MUR",NA,10.0931506849315,"Aug"
"840","F","captive",1,"M","MUR",NA,5.23013698630137,"Sep"
"842","F","captive",3,"M","MUR",1,9.82739726027397,"Sep"
"843","F","captive",3,"M","MUR",1,8.32602739726027,"Sep"
"845","F","captive",3,"M","MUR",NA,15.0383561643836,"Jul"
"846","F","captive",3,"M","MUR",NA,7.42739726027397,"Jul"
"847","M","captive",3,"M","MUR",NA,11.2739726027397,"Jul"
"850","M","captive",4,"M","MUR",NA,15.5068493150685,"Aug"
"851","M","captive",4,"M","MUR",NA,6.37260273972603,"Aug"
"852","M","captive",2,"M","MUR",1,8.37808219178082,"Jun"
"853","F","captive",2,"M","MUR",1,10.3698630136986,"Jun"
"857","M","captive",4,"M","MUR",NA,7.52602739726027,"Jul"
"858","M","captive",4,"M","MUR",NA,3.91506849315068,"Jul"
"859","F","captive",4,"M","MUR",NA,10.1671232876712,"Jul"
"861","M","captive",3,"M","MUR",1,3.34246575342466,"Aug"
"862","M","captive",3,"M","MUR",1,14.7178082191781,"Aug"
"863","F","captive",3,"M","MUR",1,10.2684931506849,"Aug"
"864","M","captive",1,"M","MUR",1,2.74794520547945,"Dec"
"865","F","captive",NA,"M","MUR",NA,6.95616438356164,"Aug"
"866","M","captive",NA,"M","MUR",NA,8.67397260273973,"Oct"
"867","F","captive",NA,"M","MUR",NA,8.7972602739726,"Oct"
"868","M","captive",NA,"M","MUR",NA,9.43561643835617,"Jul"
"869","F","captive",NA,"M","MUR",NA,4.96438356164384,"Jun"
"870","M","captive",2,"M","MUR",1,11.7287671232877,"Jun"
"874","F","captive",2,"M","MUR",1,12.3424657534247,"Aug"
"875","F","captive",2,"M","MUR",1,12.3890410958904,"Aug"
"876","M","captive",3,"M","MUR",1,2.14246575342466,"Aug"
"877","M","captive",3,"M","MUR",1,5.43561643835616,"Aug"
"878","F","captive",3,"M","MUR",1,5.23835616438356,"Aug"
"881","M","captive",3,"M","MUR",NA,1.26575342465753,"Jun"
"882","F","captive",3,"M","MUR",NA,1.11232876712329,"Jun"
"883","F","captive",3,"M","MUR",NA,12.3890410958904,"Jun"
"884","F","captive",3,"M","MUR",NA,7.24109589041096,"Jun"
"885","M","captive",3,"M","MUR",NA,1.23013698630137,"Jun"
"889","F","captive",1,"M","MUR",1,11.813698630137,"Jul"
"892","M","captive",NA,"M","MUR",NA,5.53150684931507,"Dec"
"893","M","captive",NA,"M","MUR",NA,1.93150684931507,"Dec"
"894","M","captive",4,"M","MUR",1,3.04657534246575,"Jun"
"895","F","captive",4,"M","MUR",1,5.92054794520548,"Jun"
"896","M","captive",4,"M","MUR",1,9.81369863013699,"Jun"
"899","F","captive",3,"M","MUR",1,12.6684931506849,"Jun"
"912","F","captive",NA,"P","POT",NA,5.9972602739726,"Sep"
"913","M","captive",NA,"P","POT",NA,7.3972602739726,"Sep"
"916","F","captive",NA,"P","POT",NA,5.2054794520548,"Sep"
"919","M","captive",1,"P","POT",1,25.6712328767123,"Apr"
"922","M","captive",1,"P","POT",1,30.0027397260274,"Nov"
"925","F","captive",1,"P","POT",1,15.9753424657534,"Jan"
"932","M","captive",1,"P","POT",1,5.09315068493151,"Sep"
"935","F","captive",NA,"P","POT",NA,17.7835616438356,"Jun"
"961","M","captive",1,"N","COU",1,12.4849315068493,"Sep"
"962","M","captive",NA,"N","COU",NA,9.05479452054795,"Jun"
"965","F","captive",1,"N","COU",1,1.4986301369863,"Jul"
"966","F","captive",1,"N","COU",1,9.2,"Feb"
"970","M","captive",NA,"N","COU",1,11.227397260274,"Aug"
"971","M","captive",NA,"N","COU",1,15.2520547945205,"Aug"
"973","F","captive",NA,"N","COU",NA,6.01643835616438,"Mar"
"974","M","captive",1,"N","COU",1,18.586301369863,"Apr"
"978","F","captive",1,"L","TAR",1,12.6493150684932,"Dec"
"979","M","captive",1,"N","COU",1,10.9452054794521,"May"
"983","M","captive",NA,"N","COU",NA,5.41369863013699,"Sep"
"984","M","captive",1,"L","TAR",1,18.1479452054795,"Aug"
"985","M","captive",NA,"L","TAR",NA,19.413698630137,"Jul"
"986","F","captive",1,"L","TAR",1,17.8109589041096,"Oct"
"989","F","captive",NA,"N","COU",NA,19.3835616438356,"Jan"
"992","M","captive",1,"N","COU",1,10.4602739726027,"Apr"
"993","M","captive",1,"N","COU",1,11.8602739726027,"May"
"994","F","captive",1,"L","TAR",1,14.4986301369863,"May"
"995","F","captive",1,"L","TAR",1,10.6684931506849,"Jun"
"998","M","captive",NA,"N","COU",1,8.58904109589041,"Nov"
